timestamp,s_signal_1,s_signal_2,s_signal_3,regime,regime_prob_0,regime_prob_1
2024-01-01 00:00:00,-0.6514188567571931,0.31559678185880286,-0.14668857555382112,0,1.0,3.9368300435460434e-25
2024-01-01 00:05:00,-0.03539400645093686,-0.04334290463371238,0.2952217592113834,0,0.9999993567800879,6.432199635412809e-07
2024-01-01 00:10:00,-0.3359098817888811,-0.08966283148393976,-0.02597080986351326,0,0.9999990992868752,9.007134207972953e-07
2024-01-01 00:15:00,-0.1834205355389997,0.035104259131355085,-0.03600222277747868,0,0.9999990726987313,9.273013819946077e-07
2024-01-01 00:20:00,-0.2549195332847347,-0.5094728817717963,-0.44817615048988535,0,0.99999834601795,1.6539823159981043e-06
2024-01-01 00:25:00,-0.1202216586077455,0.2086975722824056,-0.30448224371277294,0,0.9999985169408402,1.4830589201932757e-06
2024-01-01 00:30:00,-0.1990829432850454,-0.02085403251029497,-0.030275571129401737,0,0.9999986090688832,1.390931298233891e-06
2024-01-01 00:35:00,-0.6279842964242348,0.3343238931215279,-0.5513756163655323,0,0.9999957374329722,4.262567343262947e-06
2024-01-01 00:40:00,-0.07740473082628854,-0.2606241312151363,-0.21824380972346621,0,0.9999981906428728,1.8093566759366512e-06
2024-01-01 00:45:00,-0.35627795471502177,0.3176271834355695,-0.14618953022069436,0,0.9999981466870743,1.8533132902639338e-06
2024-01-01 00:50:00,-0.7566762170911714,0.1817434303044843,-0.1411570275405816,0,0.9999972572842448,2.7427155729756902e-06
2024-01-01 00:55:00,-0.5404973704327332,0.07509182457321623,0.13790415463495778,0,0.9999983031408036,1.6968587631303484e-06
2024-01-01 01:00:00,0.09918706448743549,-0.051533818691839775,0.02577288458213931,0,0.9999991142316788,8.857684271506083e-07
2024-01-01 01:05:00,0.0972232723742398,-0.23266206871424444,0.310866493416967,0,0.9999990136416589,9.863586286984497e-07
2024-01-01 01:10:00,-0.26064646869997266,0.14283672605409978,-0.292462573197082,0,0.9999986661732492,1.3338268136203278e-06
2024-01-01 01:15:00,-0.36818785903251733,-0.05899423683376214,-0.15866338164347027,0,0.9999984911257812,1.508874351472573e-06
2024-01-01 01:20:00,-0.392218352523103,-0.7446740249270862,-0.13286501414644158,0,0.9999964951782686,3.5048217488678094e-06
2024-01-01 01:25:00,0.3153230288455397,-0.6982756173535479,-0.446670011409887,0,0.9999933428410841,6.657159278811832e-06
2024-01-01 01:30:00,0.022508424088430724,-0.4080908807996082,0.02371332421552157,0,0.9999977274190671,2.2725809239147943e-06
2024-01-01 01:35:00,-0.05099966166911796,-0.17395217370095642,0.5461981889647114,0,0.9999985812583932,1.4187420461697364e-06
2024-01-01 01:40:00,0.1058280760286481,-0.21245204091250822,0.05031276079068797,0,0.9999990417195521,9.582800495206495e-07
2024-01-01 01:45:00,-0.08299959001738226,0.1543693659839995,0.04703718253151165,0,0.9999991278731778,8.721266927700673e-07
2024-01-01 01:50:00,-0.28800834082655064,-0.6759283760681107,-0.07114043894416226,0,0.9999981097361927,1.890263907964619e-06
2024-01-01 01:55:00,-0.33082781511618564,-0.3036662204442584,-0.3290267231584783,0,0.9999981165319243,1.8834680524399076e-06
2024-01-01 02:00:00,-0.3064968932172806,-0.7738506521906794,-0.7149647407888395,0,0.9999962573999259,3.7426000047141995e-06
2024-01-01 02:05:00,-0.2889522036067085,-0.15028086322546616,-0.5199970197882048,0,0.9999972909854792,2.7090141552245764e-06
2024-01-01 02:10:00,-0.05575263854639958,-0.21658415862943672,-0.6527478540508628,0,0.9999969821792608,3.017820565167377e-06
2024-01-01 02:15:00,-0.1871556227294624,-0.08398605880925895,0.17030535050528436,0,0.9999988234074054,1.1765922885396585e-06
2024-01-01 02:20:00,-0.023720457620224646,-0.4249313694823354,-0.08979677243466025,0,0.9999987243872006,1.2756128992512476e-06
2024-01-01 02:25:00,-0.2170811746184399,0.10857004991462375,-0.23215453210816192,0,0.9999988358292695,1.164171054172499e-06
2024-01-01 02:30:00,-0.2276004104252725,0.1980991667211413,0.06935558299467302,0,0.9999988041197742,1.1958803170481866e-06
2024-01-01 02:35:00,-0.8496813151148183,0.08904706448164053,-0.4006347458251811,0,0.9999968320130551,3.1679868523911443e-06
2024-01-01 02:40:00,-0.16773678097517053,-0.15518525375691014,-0.44272408533207197,0,0.9999980937272973,1.9062729942408938e-06
2024-01-01 02:45:00,-0.13297319644106095,-0.01803194813888786,-0.22265241109611522,0,0.9999987168984308,1.2831018605185561e-06
2024-01-01 02:50:00,0.07161812325101431,-0.3585768031143819,0.11111725506552882,0,0.999998183541551,1.8164580613097804e-06
2024-01-01 02:55:00,-1.0275481800379584,0.002731475096644276,0.06434876869923879,0,0.9999950998300852,4.9001699514270275e-06
2024-01-01 03:00:00,0.12818900050870272,0.34662738175856456,-0.02029370621287366,0,0.9999986510401871,1.3489599336153412e-06
2024-01-01 03:05:00,-0.1890533004527008,0.27808483981427806,-0.0931236052083265,0,0.9999989259728265,1.0740275410923457e-06
2024-01-01 03:10:00,0.08762704634475325,-0.27647824439825464,-0.02519758840698043,0,0.999998916754198,1.0832461173723993e-06
2024-01-01 03:15:00,-0.4695283006480871,-0.11921607291679748,-0.06016526245658185,0,0.9999986947513541,1.3052486923076367e-06
2024-01-01 03:20:00,-0.1441539988346279,-0.5628320937285726,-0.41391205020947297,0,0.9999980085205428,1.991479534269876e-06
2024-01-01 03:25:00,-0.5430886681630884,-0.14254094164864659,-0.22013830842741208,0,0.9999982042916351,1.7957084804123893e-06
2024-01-01 03:30:00,-0.5347285799614415,-0.052579455460956145,-0.47408781069809897,0,0.9999972710794227,2.7289204240161498e-06
2024-01-01 03:35:00,0.2240782078238765,-0.7139011560102202,-0.22843553852433002,0,0.9999953674940096,4.632505647795504e-06
2024-01-01 03:40:00,-0.17551287439439905,-0.7022727557177343,-0.3112953049393144,0,0.9999965741221352,3.4258782715222426e-06
2024-01-01 03:45:00,-0.17376633669776992,-0.4381502569716052,0.5055352523198859,0,0.9999970418883191,2.9581115177164974e-06
2024-01-01 03:50:00,0.021251624591889735,-0.3641700740179317,0.03173486065458336,0,0.9999982496817067,1.7503186545237725e-06
2024-01-01 03:55:00,-0.031815023433611034,-0.611500715792769,-0.4906510816703221,0,0.9999973327975666,2.667202249702301e-06
2024-01-01 04:00:00,-0.15062804876513608,-0.21154722474033025,-0.2933986945583165,0,0.9999985944933414,1.4055066231431646e-06
2024-01-01 04:05:00,-0.12233551442861111,-0.13234956041625237,-0.052080319305088184,0,0.9999990211022366,9.788981142678678e-07
2024-01-01 04:10:00,0.4936392365235915,-0.2408117055126858,0.34193882997779823,0,0.9999986760221542,1.3239774662718518e-06
2024-01-01 04:15:00,-0.054989815132607166,-0.4399157056125537,-0.17050702204571197,0,0.999998379396351,1.6206035791520877e-06
2024-01-01 04:20:00,-0.14247711975924832,0.035624660014787,-0.6009851243471382,0,0.9999974956876466,2.504312499328573e-06
2024-01-01 04:25:00,0.08445565437654912,0.35825324181188745,-0.06144844016342239,0,0.9999985749401425,1.4250595876282943e-06
2024-01-01 04:30:00,0.16888794555167386,-0.17944415826358748,-0.5120173152263294,0,0.9999970550059225,2.944993887212779e-06
2024-01-01 04:35:00,0.2185070364825908,-0.3789018316156857,-0.38396968616237315,0,0.9999971319380367,2.86806179680369e-06
2024-01-01 04:40:00,0.06999193524537418,-0.11144321240577852,-0.295797335866606,0,0.9999983533930304,1.6466069632342082e-06
2024-01-01 04:45:00,-0.5055437238202724,-0.28311628818719403,-0.21695325600656404,0,0.9999986355060387,1.3644937970832441e-06
2024-01-01 04:50:00,0.14921112893702212,-0.26976496743461503,0.01817851531969631,0,0.9999988207635074,1.1792363090449082e-06
2024-01-01 04:55:00,-0.48277347394473064,-0.005005336495247268,-0.29388380189018554,0,0.999998434847245,1.5651529250605399e-06
2024-01-01 05:00:00,-0.24055299364975666,-0.7113576645227205,-0.2732611171765772,0,0.999997930268687,2.069730880971668e-06
2024-01-01 05:05:00,-0.48286069284328964,0.03416256488485955,-0.1947625798005843,0,0.9999985367559721,1.4632443723791746e-06
2024-01-01 05:10:00,-0.3498827077439984,-0.11167232714137751,-0.1255425814612556,0,0.9999989151034671,1.0848967619251309e-06
2024-01-01 05:15:00,-0.19289958137161542,-0.2990440721394775,-0.11920520622854092,0,0.9999989657759106,1.0342244116990744e-06
2024-01-01 05:20:00,-0.14801149151753226,-0.2596633509198107,-0.0230529180955704,0,0.9999990073561472,9.926438862364643e-07
2024-01-01 05:25:00,-0.10457577210708442,-0.2325240979636707,0.11945687382422429,0,0.9999987739227676,1.2260776478753312e-06
2024-01-01 05:30:00,0.2636246097245977,-0.7267669295523735,0.036457934673461125,0,0.9999968443775965,3.1556222032628285e-06
2024-01-01 05:35:00,0.028336322228192965,0.08193560033746096,0.028545536390243327,0,0.999998878156195,1.1218440790413277e-06
2024-01-01 05:40:00,-0.2501714840178233,-0.10664127266371141,-0.541212276604516,0,0.9999982474152499,1.7525843162278826e-06
2024-01-01 05:45:00,0.02634914233270393,-0.04406433638705584,-0.25717218707553524,0,0.9999987889339593,1.2110662585030348e-06
2024-01-01 05:50:00,0.17647260310892574,0.12556011536043638,-0.05231897828279466,0,0.9999990688806761,9.31118872510328e-07
2024-01-01 05:55:00,-0.498812330760254,-0.4087216079297412,0.07865465766426621,0,0.999998492307213,1.5076925090285808e-06
2024-01-01 06:00:00,-0.15752081835254877,-0.12565013652316054,-0.2781702635246124,0,0.999998722989309,1.2770103961941264e-06
2024-01-01 06:05:00,-0.024207707008046194,-0.26056633011446845,-0.3759337561013336,0,0.9999983529291888,1.6470709893359246e-06
2024-01-01 06:10:00,-0.2818506606193021,0.029528741636698077,-0.3815902404495186,0,0.9999980438497947,1.9561505798827036e-06
2024-01-01 06:15:00,0.13951360161533308,-0.7656249934269774,-0.07378447629952656,0,0.9999965867586114,3.413241538367483e-06
2024-01-01 06:20:00,-0.18877491718663444,-0.4025624595668956,0.15720237817762997,0,0.9999982817722621,1.7182281005302905e-06
2024-01-01 06:25:00,-0.20511940293367964,-0.4430649242429194,-0.17520632913236184,0,0.9999986634456782,1.336554597999163e-06
2024-01-01 06:30:00,-0.29902396803747466,-0.14817701344444528,0.09168200863656764,0,0.9999989878893422,1.012110281375605e-06
2024-01-01 06:35:00,-0.27097483042473497,-0.04850352625021556,-0.04688838690778266,0,0.9999990016081465,9.983914894043108e-07
2024-01-01 06:40:00,-0.593907634435675,-0.36793580456201935,-0.1575122870401698,0,0.9999984181998802,1.5818003804378624e-06
2024-01-01 06:45:00,-0.793237304716818,-0.46511456011404534,-0.21497397601803742,0,0.9999979181906224,2.0818090189950854e-06
2024-01-01 06:50:00,0.051302441264361405,-0.3158416756899101,0.03478287128631508,0,0.999998522456008,1.4775440610827768e-06
2024-01-01 06:55:00,-0.42292559238228805,-0.5042054928042674,-0.007632995302558939,0,0.9999974408498024,2.5591505805680536e-06
2024-01-01 07:00:00,-0.6082363910482873,-0.044983006965565675,0.5231802884005039,0,0.9999940514657767,5.948533832693806e-06
2024-01-01 07:05:00,-1.0101206546675912,-0.26649392294794394,-0.18936975226377137,0,0.9999915130152645,8.486984826547387e-06
2024-01-01 07:10:00,-0.6793658315831264,-1.08573359461929,-0.021221977270731794,0,0.9999883872370797,1.1612763051326485e-05
2024-01-01 07:15:00,-0.7840187799731239,-0.5803846437954001,-0.26266307714804865,0,0.9999934309014168,6.569098367183435e-06
2024-01-01 07:20:00,0.06822664908968024,-0.6256608996938391,-0.42987807249607585,0,0.9999936015860903,6.398413794918288e-06
2024-01-01 07:25:00,0.1354967162242624,-0.8150668987984702,-0.24079918308075618,0,0.9999932931848242,6.706814999911279e-06
2024-01-01 07:30:00,-0.3503394865542481,-0.7550605321746604,-0.14276640252762246,0,0.9999960887038563,3.911296454812091e-06
2024-01-01 07:35:00,0.38024403181731037,-0.33754458132065424,0.6616640181867374,0,0.9999974619054606,2.538094544400976e-06
2024-01-01 07:40:00,0.22074217476483005,0.14937321808655296,0.03837031791827886,0,0.9999988851292831,1.1148703958644132e-06
2024-01-01 07:45:00,-0.2164918925663444,-0.005768026389310624,-0.4122791223240163,0,0.9999977050882948,2.2949117022713404e-06
2024-01-01 07:50:00,-0.9957146265047586,-0.3251190096152218,-0.15640215270558788,0,0.9999944610598199,5.538940627817059e-06
2024-01-01 07:55:00,0.19810702642342762,-0.10578049557669988,-0.7339341839020271,0,0.999992097338994,7.902660811495856e-06
2024-01-01 08:00:00,-0.5405896569381032,-0.3113953526912028,-0.35461586847516746,0,0.9999964800525154,3.519947712742339e-06
2024-01-01 08:05:00,-0.8384383478329105,-0.44293956816649227,-0.21072554897406046,0,0.9999960900508127,3.909949612172471e-06
2024-01-01 08:10:00,-0.13270211453103173,-0.6187829231172803,0.04943203808796903,0,0.9999945491993767,5.450800695693209e-06
2024-01-01 08:15:00,0.5013581198322975,-0.8487633492759592,0.1773730787429322,0,0.9999872330632643,1.2766936781153797e-05
2024-01-01 08:20:00,0.37702902096573077,-0.5137731988754504,-0.1959410386746719,0,0.9999929746774191,7.025322408702951e-06
2024-01-01 08:25:00,0.09525083190168455,-0.2507287250211131,-0.2095658168184041,0,0.9999973890605794,2.6109394678852396e-06
2024-01-01 08:30:00,0.019909667722109243,-0.24736071170461393,-0.3851962731918698,0,0.9999977019050705,2.298095249492894e-06
2024-01-01 08:35:00,0.07439185383704078,-0.3410776536539856,-0.538759317396793,0,0.999996904250355,3.095749891980492e-06
2024-01-01 08:40:00,0.06257811706628091,-0.5263420416819375,-0.18406654687661198,0,0.9999975462972633,2.453703047344648e-06
2024-01-01 08:45:00,-0.08333813020089104,-0.12095793384514732,-0.5189779589187535,0,0.99999760707319,2.3929269607060222e-06
2024-01-01 08:50:00,-0.1798585096233613,-0.5704709590154118,-0.38005783037463553,0,0.9999977769282095,2.223072119089202e-06
2024-01-01 08:55:00,-0.25852155674248023,-0.08442722502580353,-0.5001814582402075,0,0.9999979154321308,2.084567944516507e-06
2024-01-01 09:00:00,-0.48815850174468894,-0.46609799163726867,-0.1056636640668038,0,0.9999979160351246,2.083964701249224e-06
2024-01-01 09:05:00,-0.41600291990310556,-0.5065060173773812,0.3615561283562509,0,0.9999965774326846,3.4225670993252706e-06
2024-01-01 09:10:00,-0.8152352729298337,-0.7305272940034515,-0.3630954926917455,0,0.9999965213115981,3.4786880525765106e-06
2024-01-01 09:15:00,-0.45978752508549114,-0.5113704259107192,-0.7341758001424197,0,0.9999966582128212,3.3417875440184366e-06
2024-01-01 09:20:00,-0.6184601628274343,-0.007582944059965689,-0.3638660411059834,0,0.9999975004824907,2.499517107359307e-06
2024-01-01 09:25:00,-0.700332973555108,0.007196326412473727,-0.2135918718830195,0,0.9999978348465239,2.165153912684264e-06
2024-01-01 09:30:00,-0.3423994124902491,0.1489095035772902,-0.11194382818402962,0,0.9999986529483045,1.3470519415338466e-06
2024-01-01 09:35:00,0.1262052470535145,0.056076455557664745,-0.2667806671261371,0,0.9999985634659738,1.4365339535762523e-06
2024-01-01 09:40:00,0.12562191605895792,-0.45404101080326353,-0.24475985554786212,0,0.9999979650977152,2.034902730438601e-06
2024-01-01 09:45:00,-0.616254217880528,-0.37781533303324183,-0.0798091127265494,0,0.9999977781369253,2.221862745977664e-06
2024-01-01 09:50:00,-0.665709219435805,-0.4882568712921751,0.157220440572099,0,0.9999965966638844,3.4033363515021558e-06
2024-01-01 09:55:00,-0.10526065525476004,0.10473323936031792,-0.6065170723403864,0,0.9999964961104975,3.5038897243962746e-06
2024-01-01 10:00:00,-0.5102831128040125,-0.4670659725502822,-0.39358637435486027,0,0.999997982818274,2.017181583150133e-06
2024-01-01 10:05:00,-0.40593905228692084,-0.018501138936253627,-0.1672940268818606,0,0.9999985808327503,1.4191674951304213e-06
2024-01-01 10:10:00,-0.1437691694499371,0.11584767074131173,-0.41483711522206346,0,0.9999981685312778,1.8314683159977382e-06
2024-01-01 10:15:00,-0.5176208803672646,0.4339972764692797,0.2492223553678151,0,0.9999978672981347,2.132701788287086e-06
2024-01-01 10:20:00,-0.30979334696163746,-0.13480731041486146,-0.211130409259086,0,0.9999985556088604,1.444390739601893e-06
2024-01-01 10:25:00,-0.6764060213002124,0.027374720881753783,-0.18365454782914567,0,0.999997721138111,2.278862040607885e-06
2024-01-01 10:30:00,-0.5680478910306452,0.5415423214402333,-0.008938923459149036,0,0.9999968295355993,3.1704639733703224e-06
2024-01-01 10:35:00,-0.2610254395157637,-0.1642298752184556,-0.2762810386436785,0,0.9999981410391227,1.8589611072204187e-06
2024-01-01 10:40:00,-0.7389516809874617,-0.6480910675857717,-0.7063351078336827,0,0.9999969315805866,3.06841974883698e-06
2024-01-01 10:45:00,-0.2763284912659677,-0.8955784129373214,-0.44017450353072474,0,0.9999964555162539,3.5444841292142528e-06
2024-01-01 10:50:00,-0.2746612831811759,-0.2007409622721211,0.0460477937515728,0,0.9999983531611096,1.6468384903496602e-06
2024-01-01 10:55:00,-0.10365932489317807,-0.7623048566624047,-0.18888609841323892,0,0.9999973815236165,2.618476347742603e-06
2024-01-01 11:00:00,-0.1502787685880753,-0.4826135520728146,-0.40137588814251257,0,0.9999980886787019,1.9113215792579205e-06
2024-01-01 11:05:00,0.1755382308106852,-0.15854354138620225,0.028766925551039414,0,0.9999989619878691,1.0380119298836966e-06
2024-01-01 11:10:00,-0.09593034463227282,-0.1361145678337504,-0.19236463789890956,0,0.9999989827661637,1.0172336832371943e-06
2024-01-01 11:15:00,-0.3426581594063813,-0.05811436736213115,-0.3086993332773518,0,0.9999988242723338,1.175727558532062e-06
2024-01-01 11:20:00,-0.2522615471057409,-0.09497653064769417,-0.1597631463690938,0,0.9999990116880663,9.883123639203576e-07
2024-01-01 11:25:00,-0.09967872195137818,0.2073787840486514,0.058073666223850504,0,0.999999040258905,9.597407947555285e-07
2024-01-01 11:30:00,-0.20125306243183347,-0.36375407583111735,0.5724035205206334,0,0.9999975446174307,2.4553822427789726e-06
2024-01-01 11:35:00,-0.2341894532011131,-0.45342491490873643,0.29346640292812554,0,0.9999976379741085,2.3620255957807236e-06
2024-01-01 11:40:00,-0.46537024438314833,-0.5087032363237458,0.3024826511457748,0,0.9999970628530197,2.9371467575665552e-06
2024-01-01 11:45:00,-0.5230749043639789,-0.0498301769568705,-0.15907609878002718,0,0.999997962884919,2.037114762382179e-06
2024-01-01 11:50:00,-0.7608281880553414,0.10865729906689248,-0.44244146076945645,0,0.9999969269139836,3.0730857717296977e-06
2024-01-01 11:55:00,0.10723863080404929,0.02296449394724658,-0.22416762990447592,0,0.9999984169193138,1.5830804017106988e-06
2024-01-01 12:00:00,-0.5244268571823062,0.2144706857796201,-0.1461888796421616,0,0.9999981671142877,1.832885906540752e-06
2024-01-01 12:05:00,-0.5497335688605893,-0.42858355232217704,-0.45324746382017644,0,0.9999981046166567,1.8953835582128058e-06
2024-01-01 12:10:00,-0.5649255429115949,0.22249607491480916,-0.2936362550262277,0,0.9999978651235375,2.1348762588912605e-06
2024-01-01 12:15:00,-0.08868852105202507,0.37510929684157696,-0.08560730258815911,0,0.9999988092711459,1.190728825882973e-06
2024-01-01 12:20:00,-0.300415949668105,0.18726117442427492,-0.03404687378793852,0,0.9999989928060656,1.0071937167435996e-06
2024-01-01 12:25:00,0.09580879429947405,0.4412360142857752,0.02152493807735766,0,0.9999991082135578,8.917861759575012e-07
2024-01-01 12:30:00,-0.3578770683451046,-0.5025166656374461,-0.02125711411957734,0,0.9999985626474297,1.4373524427026872e-06
2024-01-01 12:35:00,-0.21012949949382512,-0.449803409307222,-0.2564885641968494,0,0.999998434052348,1.5659477356052908e-06
2024-01-01 12:40:00,-0.49789395785598545,-0.49653581397194846,-0.32897880478610864,0,0.9999978727732811,2.1272265164985384e-06
2024-01-01 12:45:00,0.30400481183270317,-0.07842752465101777,-0.5416509441208264,0,0.9999959909972274,4.009002708932609e-06
2024-01-01 12:50:00,-0.44862932786145787,-0.4785137781290168,0.22611814464056182,0,0.9999973929468402,2.607053171906763e-06
2024-01-01 12:55:00,-0.22816844979693082,-0.06233747692411597,-0.03722297992241158,0,0.9999988609476652,1.1390525589177849e-06
2024-01-01 13:00:00,-0.06548687316972983,0.24436282977271326,-0.18264097354581185,0,0.999998813114666,1.1868857277332426e-06
2024-01-01 13:05:00,-0.0822387499899796,0.13604764722297158,-0.42245563434235694,0,0.9999982516043752,1.7483956113644348e-06
2024-01-01 13:10:00,-0.2658002558121428,-0.01849659316755555,0.5826301723961893,0,0.999998333727059,1.666272566162331e-06
2024-01-01 13:15:00,-0.304338804770713,-0.4420640119230286,-0.2331567590451232,0,0.9999985614678168,1.4385320581669228e-06
2024-01-01 13:20:00,-0.26415563775548123,-0.5273025252795385,-0.29827489950902114,0,0.9999985193528166,1.4806470687710705e-06
2024-01-01 13:25:00,-0.3089656793153117,0.06900542447318422,-0.0823949510853819,0,0.9999989871317339,1.0128686470412594e-06
2024-01-01 13:30:00,0.00864888158911794,0.10840083074126072,0.03375504214587538,0,0.9999992249625668,7.750370400882463e-07
2024-01-01 13:35:00,0.4754499607988407,-0.12253462559766597,0.16829709037462176,0,0.9999987712770507,1.2287226946842298e-06
2024-01-01 13:40:00,-0.20941549798582687,-0.3042060699236606,0.44546628991985204,0,0.9999974335738634,2.5664265704250133e-06
2024-01-01 13:45:00,-0.6569548401350976,-0.8356611802267863,0.16590000489651158,0,0.9999941920519128,5.807948323249713e-06
2024-01-01 13:50:00,-0.4093061010647448,-0.7118276161859198,-0.3533550348819378,0,0.9999966097487402,3.390251237258686e-06
2024-01-01 13:55:00,0.46008597922417505,0.20995883602409343,-0.28642471614486464,0,0.9999973897990873,2.6102010613855897e-06
2024-01-01 14:00:00,-0.287390485954738,-0.46031655888649875,-0.1089409635613565,0,0.9999984215349921,1.5784653618601694e-06
2024-01-01 14:05:00,0.2163513884607864,-0.22536968571965768,0.43492951953836706,0,0.999998664165997,1.3358339479974806e-06
2024-01-01 14:10:00,0.3789725063527047,0.08774850508521813,-0.3678994904145528,0,0.9999977022515872,2.2977482228913707e-06
2024-01-01 14:15:00,-0.2371954257072819,-0.4894057887490306,0.11598364492710803,0,0.9999983696520406,1.630348196425197e-06
2024-01-01 14:20:00,-0.08750439376560486,-0.23551119420689504,-0.023869467294421107,0,0.9999990158953845,9.841050108075803e-07
2024-01-01 14:25:00,0.27312245703428123,0.06408171175070926,0.11753719546493635,0,0.9999992316127869,7.683867935662973e-07
2024-01-01 14:30:00,-0.21695885557081243,-0.12054823781230802,-0.10197204764546436,0,0.9999986417215171,1.3582780698412184e-06
2024-01-01 14:35:00,-0.31166775945528746,0.6712144683331193,-0.3741863988333983,0,0.9999956298165666,4.370183420019245e-06
2024-01-01 14:40:00,-0.4527595011090658,-0.4370756063173977,-0.011793190438052777,0,0.9999977336936569,2.266306115947562e-06
2024-01-01 14:45:00,-0.6241494647609943,0.039449356141248976,0.07004625620393125,0,0.9999979077396407,2.092260187593256e-06
2024-01-01 14:50:00,-0.5666487215222064,-0.18290411995836545,0.18312109637569338,0,0.9999979340940138,2.065905659468633e-06
2024-01-01 14:55:00,-0.7206557492114971,0.03062433499365455,-0.05757876825012672,0,0.9999977487875968,2.251212492399962e-06
2024-01-01 15:00:00,-0.3919497975522015,-0.003387438583502951,-0.29325233700234643,0,0.9999983327066077,1.6672936161408248e-06
2024-01-01 15:05:00,-0.5329577655234093,-0.36197407622735267,-0.631219929080117,0,0.9999979177995406,2.0822005623132085e-06
2024-01-01 15:10:00,-0.27612637771744963,-0.18414507167546293,-0.06981202159185125,0,0.9999985133647123,1.4866349078161812e-06
2024-01-01 15:15:00,-0.732426231493598,-0.7498365068872102,-0.011611798567278208,0,0.9999967808332232,3.2191672279294135e-06
2024-01-01 15:20:00,-0.3070314989703524,-0.18948904384456478,-0.38145622505059135,0,0.9999981265699984,1.87342995280022e-06
2024-01-01 15:25:00,-0.029616970653886174,-0.11188389581495006,-0.37334553218480343,0,0.9999979941132661,2.0058868223606166e-06
2024-01-01 15:30:00,-0.7889556403882514,0.01240126079050683,-0.3508973739027114,0,0.999996506984378,3.493015296324627e-06
2024-01-01 15:35:00,-0.3111231900196496,0.17411141016360931,-0.6273871090156564,0,0.9999954826955385,4.517304132190955e-06
2024-01-01 15:40:00,0.08661457325010688,0.017800688616749473,-0.5249129759605852,0,0.9999961325185931,3.867480999558091e-06
2024-01-01 15:45:00,-0.5204153917737565,-0.09421221822140087,-0.5822818265764508,0,0.9999966409506696,3.3590490154271977e-06
2024-01-01 15:50:00,0.15641413171671686,-0.4330969452957605,-0.3984503696523358,0,0.9999965434004193,3.4565993640058105e-06
2024-01-01 15:55:00,-0.014112844289723883,-0.4846768142064049,-0.4342186996038744,0,0.9999967420479472,3.257952353651955e-06
2024-01-01 16:00:00,-0.4002473125402565,0.06313966294324455,-0.6925223149173636,0,0.9999963231370497,3.6768625914183134e-06
2024-01-01 16:05:00,-0.32260453850123105,0.30152412115987,0.24713631921550192,0,0.9999985344358545,1.4655637152499107e-06
2024-01-01 16:10:00,-0.11630280915835077,-0.12365432338514205,0.3144195209101198,0,0.9999990171395721,9.828602831187364e-07
2024-01-01 16:15:00,-0.19815061637037218,-0.16693086902959797,-0.23159553584342168,0,0.9999989204722084,1.0795279530860485e-06
2024-01-01 16:20:00,-0.08479903096511818,-0.46189704283577615,-0.10236132169887853,0,0.999998675503743,1.3244966606844875e-06
2024-01-01 16:25:00,-0.4857232783167054,0.06582734267530538,-0.02316708011365473,0,0.9999986739230432,1.3260773615065177e-06
2024-01-01 16:30:00,-0.2811555776298497,0.07365150545498873,0.216200899965438,0,0.9999985985387682,1.4014611193574101e-06
2024-01-01 16:35:00,-0.6915630891228891,0.4544417086962305,-0.2720937121712411,0,0.9999960123220644,3.987678308040167e-06
2024-01-01 16:40:00,-0.4265262014443226,-0.26768643612640114,0.11393723855786805,0,0.9999980858401744,1.9141600581568167e-06
2024-01-01 16:45:00,-0.5832449494908748,-0.33591551821781945,-0.22732823794158047,0,0.999998305481839,1.6945184488988295e-06
2024-01-01 16:50:00,-0.5800817460580746,-0.1756008959092786,-0.5493131547200726,0,0.9999980939237478,1.9060762663121426e-06
2024-01-01 16:55:00,0.008437526644884485,-0.004391399871382654,-0.07178265705223733,0,0.9999990118799694,9.881196761140614e-07
2024-01-01 17:00:00,0.14184600319353552,-0.20877173326858656,0.22939517815690444,0,0.9999988178558563,1.1821445409135954e-06
2024-01-01 17:05:00,0.03817477954603476,-0.46505993326870765,0.6812670702920852,0,0.9999969576939187,3.042306444427992e-06
2024-01-01 17:10:00,-0.49998192591938456,-0.021544978823490022,-0.23879285995803848,0,0.9999982796176728,1.7203819902556517e-06
2024-01-01 17:15:00,-0.43019897476131846,0.06396769608112005,0.014345436360571054,0,0.9999986973452295,1.3026544684754706e-06
2024-01-01 17:20:00,0.046549395910108225,-0.3960861179748554,-0.2187158912637437,0,0.9999984954804353,1.504519844013337e-06
2024-01-01 17:25:00,-0.1297120339319657,0.13976107290806797,0.043901858041312636,0,0.9999985364558392,1.4635439313874234e-06
2024-01-01 17:30:00,0.466367503783271,0.24556595304711923,-0.5054649903185825,0,0.9999944122193167,5.5877805730686e-06
2024-01-01 17:35:00,0.07121387163915269,-0.02997405749458641,-0.6123831136697643,0,0.9999952667197402,4.733279835274734e-06
2024-01-01 17:40:00,-0.10731301513477345,-0.12886141184104175,-0.5087599201509456,0,0.9999973533848341,2.6466153829587777e-06
2024-01-01 17:45:00,-0.3102251913865048,-0.01778775032094169,-0.23942760092154414,0,0.999998546448443,1.4535513738717177e-06
2024-01-01 17:50:00,-0.23918097116009757,-0.4044252522753422,-0.3593060232429431,0,0.9999984828903191,1.5171101134678e-06
2024-01-01 17:55:00,-0.3031027679242654,-0.2558997327242847,-0.032919065678814995,0,0.9999984213276276,1.5786725824101049e-06
2024-01-01 18:00:00,-0.0658152897799957,-0.8587156406207933,0.16751486701190635,0,0.9999960105240006,3.9894762338514665e-06
2024-01-01 18:05:00,0.07945521514222556,-0.14111057681959538,0.10855089345269152,0,0.9999982024562781,1.7975433147703207e-06
2024-01-01 18:10:00,-0.39630931435602285,-0.6490020700157297,0.37491766428234513,0,0.9999955852342417,4.414765575503295e-06
2024-01-01 18:15:00,-0.7015285964858009,0.10778097024555522,0.11955997338719185,0,0.9999963197328234,3.6802673190639644e-06
2024-01-01 18:20:00,-0.9435829807257238,-0.20907025341595104,-0.41209070634372735,0,0.999996501142714,3.4988577009752453e-06
2024-01-01 18:25:00,-0.3175970260120519,-0.26898866789923404,0.14754157511678584,0,0.9999981423969957,1.8576030276625253e-06
2024-01-01 18:30:00,-0.61000766161277,-0.4103828475038728,-0.23320288999145927,0,0.9999974082372254,2.591763107923363e-06
2024-01-01 18:35:00,-1.010503171937907,-0.3520367732589993,0.07496758451453041,0,0.9999942793510774,5.720649240711783e-06
2024-01-01 18:40:00,-0.3732596870597637,0.17168994085430495,0.352286189378019,0,0.999996115366499,3.8846336991761104e-06
2024-01-01 18:45:00,0.4450592061683114,-0.8299364728082496,0.12415868240835758,0,0.9999910952579674,8.904741868681136e-06
2024-01-01 18:50:00,-0.0542018583177264,-0.01367292563220592,-0.48854201941204206,0,0.9999957606213505,4.239379072963605e-06
2024-01-01 18:55:00,0.04771060876774012,-0.0473138315928161,-0.5112773039207327,0,0.9999969297925255,3.0702075772477822e-06
2024-01-01 19:00:00,-0.14721097014600396,-0.5157155268460495,0.10646136038476184,0,0.9999979994056051,2.000594792007502e-06
2024-01-01 19:05:00,-0.25954414954340166,-0.6171668901235068,-0.12400350200128046,0,0.9999982510313945,1.7489689788598556e-06
2024-01-01 19:10:00,0.010123550682068187,0.16864086497067907,-0.12383080955509027,0,0.9999989499343485,1.0500652293373163e-06
2024-01-01 19:15:00,-0.2693790750573475,-0.3733555374915246,0.0655296239608642,0,0.999998732079697,1.2679203996868848e-06
2024-01-01 19:20:00,-0.1870376089149996,-0.5976074758347585,0.1049184415938903,0,0.9999983082503362,1.6917495578994496e-06
2024-01-01 19:25:00,-0.14615139913936462,0.014600900830759971,0.0003705491919925054,0,0.9999990665214491,9.334786331858538e-07
2024-01-01 19:30:00,-0.4288558026199157,-0.0386746482398073,-0.1668522097388904,0,0.9999988245515483,1.175448514041518e-06
2024-01-01 19:35:00,-0.01892513176082046,-0.43330133624122374,-0.2460040733325413,0,0.9999985698751738,1.4301244839141843e-06
2024-01-01 19:40:00,-0.2437283160367596,-0.2092130046346886,0.056489887609585634,0,0.9999988856558799,1.114344262904164e-06
2024-01-01 19:45:00,-0.48425116362238285,-0.5105151506728701,0.06242087201742507,0,0.9999983479224288,1.6520774103900706e-06
2024-01-01 19:50:00,-0.17129857783521313,0.029903573629524054,-0.16179084860993426,0,0.9999988940477782,1.1059522558231869e-06
2024-01-01 19:55:00,-0.5050555703743518,0.1803269402114313,0.14424261788569895,0,0.9999985974100869,1.4025896140776104e-06
2024-01-01 20:00:00,-0.3290287122444378,0.0684275590571509,-0.10149635721664736,0,0.9999988228662566,1.1771339927026244e-06
2024-01-01 20:05:00,-0.2873366043605294,-0.01567202968131853,-0.37661598476896296,0,0.9999983383199996,1.6616796736045649e-06
2024-01-01 20:10:00,0.05150015346060587,0.3742422403822136,-0.4333185670785241,0,0.9999972456209169,2.7543788515621117e-06
2024-01-01 20:15:00,-0.02899387733015209,-0.031300820069068806,-0.5115797337113167,0,0.9999975569974423,2.4430022717086875e-06
2024-01-01 20:20:00,-0.2020669413954521,-0.5034520700766065,-0.33820222304234765,0,0.9999982627602177,1.7372397760571802e-06
2024-01-01 20:25:00,-0.002825089620355504,-0.1611878395475332,0.13357377394108272,0,0.9999989590793081,1.040920950666447e-06
2024-01-01 20:30:00,0.22754268795684834,0.42695096518279346,-0.2931166280533834,0,0.9999982390715602,1.7609280697601731e-06
2024-01-01 20:35:00,0.048587403164789295,-0.31640503052576846,-0.14421347167421475,0,0.9999986317043561,1.3682956880373805e-06
2024-01-01 20:40:00,-0.16824896510177476,-0.3456232851640027,-0.33509178839974335,0,0.9999984989055872,1.5010940421173207e-06
2024-01-01 20:45:00,-0.6273300068782708,-0.12363631999124844,-0.28188327259014473,0,0.9999981168729841,1.8831266985525398e-06
2024-01-01 20:50:00,-0.6915276623048032,-0.19656123203089287,-0.6142236591818093,0,0.9999974640163924,2.5359832773114614e-06
2024-01-01 20:55:00,-0.4843297885529359,-0.4938312358320472,-0.3545386262133279,0,0.999998122416344,1.8775838791235418e-06
2024-01-01 21:00:00,-0.5128522095273694,0.04114882914410613,-0.26915474569861825,0,0.9999982093847963,1.7906149026097321e-06
2024-01-01 21:05:00,-0.3954860423514914,0.5570619157773814,-0.03897412375687987,0,0.9999979108764814,2.0891234397697086e-06
2024-01-01 21:10:00,-0.28767377670420363,0.08181694356827965,-0.05827045245432557,0,0.9999987316549636,1.2683453290198636e-06
2024-01-01 21:15:00,-0.11435694639569641,-0.3871107128367495,-0.4602825678675492,0,0.9999980222647994,1.9777350382973123e-06
2024-01-01 21:20:00,-0.24122707827069065,-0.7190845149999677,0.0552764554073866,0,0.9999976278687368,2.3721308497444616e-06
2024-01-01 21:25:00,-0.11329447100764717,-0.28268193749678355,-0.033612238767143594,0,0.9999987897943403,1.2102057106134643e-06
2024-01-01 21:30:00,-0.20068450165391033,0.09916002783049867,-0.06359805572957739,0,0.9999988370698188,1.1629305738324318e-06
2024-01-01 21:35:00,-0.8348314682904757,0.027217396386126667,-0.1304456253622381,0,0.9999972911628301,2.7088370362508127e-06
2024-01-01 21:40:00,-0.7162944781225009,-0.13602828352766497,-0.2922408270082401,0,0.9999977734848702,2.22651481686949e-06
2024-01-01 21:45:00,-0.44373878719178816,-0.3590856068142478,-0.1357773531997168,0,0.9999982405294776,1.7594707115832112e-06
2024-01-01 21:50:00,-0.679537410428426,-0.5751765266415542,-0.016992792762380495,0,0.999997207401327,2.7925988647569805e-06
2024-01-01 21:55:00,-0.21098476738522248,-0.06841966734818956,-0.6007683486188167,0,0.9999968892410105,3.1107585906793813e-06
2024-01-01 22:00:00,0.20697858079619297,0.10704731798142632,-0.4391913322630504,0,0.9999967624278383,3.237572209048068e-06
2024-01-01 22:05:00,0.23939065627166398,-0.5698787662156612,-0.31161871550559855,0,0.9999965934315512,3.406568188077067e-06
2024-01-01 22:10:00,-0.1777020673014343,0.15715262406091268,-0.13089740465637234,0,0.9999987320515027,1.2679486528452153e-06
2024-01-01 22:15:00,0.20503549111597366,0.07395308486107888,0.1845019568323784,0,0.9999992590840536,7.409156453453323e-07
2024-01-01 22:20:00,-0.0800948495363893,0.29386967203739256,-0.2685422422597855,0,0.9999986632328568,1.3367669529553539e-06
2024-01-01 22:25:00,-0.3103950324364075,-0.4534372333382407,-0.3281527372930808,0,0.9999984408344393,1.559165183988898e-06
2024-01-01 22:30:00,-0.46183119271653494,-0.6846584113471612,-0.3500972058781883,0,0.9999980420781025,1.95792176063988e-06
2024-01-01 22:35:00,-0.4145998151515814,-0.3930669957522175,-0.4372236270277205,0,0.9999983339835361,1.6660162883744909e-06
2024-01-01 22:40:00,-0.4259722845260949,-0.1122587267557754,-0.33673575028984365,0,0.9999985820460146,1.4179536743355766e-06
2024-01-01 22:45:00,-0.2629157565366169,0.355699569851263,0.004996380445112416,0,0.9999987572281035,1.2427717595997295e-06
2024-01-01 22:50:00,-0.21693191895330444,0.17267484011319065,-0.4010142862832012,0,0.9999983327575394,1.6672424999062272e-06
2024-01-01 22:55:00,-0.25008222710487116,-0.16366496406543057,-0.10987859668312903,0,0.9999986352377381,1.3647619801951252e-06
2024-01-01 23:00:00,-0.13072160018279447,-0.4970336190959575,-0.6160943190438878,0,0.9999970175403088,2.9824599051762718e-06
2024-01-01 23:05:00,0.12970178041754546,0.07226667621914776,-0.4500814243366709,0,0.9999968960949414,3.103905269947402e-06
2024-01-01 23:10:00,0.13598008163725994,-0.4079626921466314,-0.3356608446548019,0,0.9999962803873188,3.719612892051244e-06
2024-01-01 23:15:00,-0.5876360270442339,0.21718620476354508,0.25728153451557834,0,0.999993781593965,6.218405647722868e-06
2024-01-01 23:20:00,-1.1233041981311578,-0.1626820986652838,-0.10821057823040046,0,0.9999852046924783,1.4795307474101457e-05
2024-01-01 23:25:00,-0.24446171644529546,0.27953204972117757,-0.7547613510542097,0,0.9999808352603585,1.9164739640239377e-05
2024-01-01 23:30:00,-0.6665972303999832,0.14177173722924802,-0.8923299465761455,0,0.9999821631335262,1.7836866177794247e-05
2024-01-01 23:35:00,-0.4528727004163984,-0.14158613603364356,-0.3670219356191775,0,0.9999946760622902,5.323938095703948e-06
2024-01-01 23:40:00,-0.670481698328112,-0.34002573675616327,-0.04785444121095193,0,0.9999967199018236,3.280097916707638e-06
2024-01-01 23:45:00,-0.9240694183576601,-0.3466122644605203,-0.01852307588545371,0,0.9999964501193316,3.5498803403360505e-06
2024-01-01 23:50:00,-0.30176802775659745,-0.12041180095968426,-0.06766185538097066,0,0.9999986626753372,1.3373246819971564e-06
2024-01-01 23:55:00,-0.050202326338725796,-0.15671692156969422,0.1948185298510036,0,0.9999989508602131,1.0491399901646273e-06
2024-01-02 00:00:00,-0.3727789884172012,-0.3666388340267346,-0.20074669829102385,0,0.9999978630417086,2.136958529417362e-06
2024-01-02 00:05:00,-1.0699096926435716,-0.30260363041803556,0.08038234604524332,0,0.999993357724866,6.642274739399446e-06
2024-01-02 00:10:00,-0.6696715357941414,-0.21095309508433557,-0.5395382885981836,0,0.9999955771324986,4.422867499877991e-06
2024-01-02 00:15:00,-0.270048983204737,-0.8382164717908233,-0.52287938746983,0,0.9999951759580595,4.824042356005087e-06
2024-01-02 00:20:00,-0.7076607185598817,-0.2590381838160962,-0.7692970590456758,0,0.9999956527457377,4.347253966724534e-06
2024-01-02 00:25:00,-0.34356489014340963,-0.5118083127172676,-0.4161961393498206,0,0.9999973488828472,2.651117190166163e-06
2024-01-02 00:30:00,-0.29354241537807163,-0.6391379371758329,-0.24655900651810628,0,0.9999971486672344,2.8513324109345032e-06
2024-01-02 00:35:00,-0.1013364421896791,-0.8357417160905484,-0.150974447786018,0,0.9999952824129971,4.717587148144875e-06
2024-01-02 00:40:00,-0.18067477474604596,-0.9263284130132639,-0.136852383625433,0,0.999994420211002,5.579788745425932e-06
2024-01-02 00:45:00,-0.5301005225835532,-0.8234477208317952,-0.4083738150000329,0,0.9999958777765113,4.1222239288367666e-06
2024-01-02 00:50:00,0.011653901314568862,-0.600832882843408,-0.2843397291537668,0,0.999996441070801,3.5589287640649624e-06
2024-01-02 00:55:00,-0.22965818952633055,0.25566834293371576,-0.6114504708563369,0,0.9999960495429874,3.950456873113073e-06
2024-01-02 01:00:00,-0.2629449848760871,-0.2227725468265512,0.08769252650400897,0,0.999998484069932,1.5159296828557886e-06
2024-01-02 01:05:00,-0.5429203556162314,-0.15758588784638697,-0.16712052444452166,0,0.9999985523137658,1.4476864925844043e-06
2024-01-02 01:10:00,-0.4808906096767116,-0.0719607231614488,-0.2951967978426288,0,0.9999983998508538,1.6001489267100268e-06
2024-01-02 01:15:00,-0.5938607456127684,-0.12619056976787188,0.24547484951164658,0,0.9999977408813773,2.259118869819288e-06
2024-01-02 01:20:00,-0.4156088913636085,-0.20430980629253878,-0.3813812916766592,0,0.9999973432758272,2.656724246670355e-06
2024-01-02 01:25:00,0.19951916609408474,-0.5593354565535175,-0.5369249124770203,0,0.9999934415115124,6.5584885307153105e-06
2024-01-02 01:30:00,-0.5348997219213282,0.11911007793834456,-0.5754034138253732,0,0.9999930773886679,6.922610983775016e-06
2024-01-02 01:35:00,-0.8272434074064393,0.4283244596006717,-0.3003439863938519,0,0.9999913016341412,8.698366127356985e-06
2024-01-02 01:40:00,0.004345193836750046,-0.5141130836633223,-0.0786136355686181,0,0.999996132318505,3.867681713088716e-06
2024-01-02 01:45:00,-0.2469881306650287,-0.6014737537496424,0.07375792472247295,0,0.9999961872072091,3.8127931526959353e-06
2024-01-02 01:50:00,-0.4593995562763074,-0.4069232015109479,0.6301407254035672,0,0.999993322958753,6.677041470137126e-06
2024-01-02 01:55:00,-0.013824634896713303,-0.5516699308379225,-0.5466863285889207,0,0.9999954864089886,4.513590590813302e-06
2024-01-02 02:00:00,-0.3705394054124996,-0.15889598417775727,-0.10315709833814729,0,0.9999980661842127,1.9338158177525313e-06
2024-01-02 02:05:00,0.24710332282856617,-0.4071778920634075,-0.29502764038836904,0,0.9999972889182033,2.7110816379024077e-06
2024-01-02 02:10:00,0.09025165389728965,0.37659053191544906,-0.36075047500469454,0,0.9999972445140648,2.7554860065480286e-06
2024-01-02 02:15:00,-0.30423909821666406,0.32265121256931134,-0.3897639845451818,0,0.9999969481979134,3.0518017639780697e-06
2024-01-02 02:20:00,0.3657248413836883,0.016371121215966063,-0.4790122503746176,0,0.9999964824863147,3.517514067318653e-06
2024-01-02 02:25:00,-0.2567041800837477,0.1660676106699485,0.21696981335706156,0,0.99999881540659,1.1845930472182433e-06
2024-01-02 02:30:00,-0.0417672193043725,0.23438500232790058,0.1910338837712792,0,0.9999992701216732,7.298780454913808e-07
2024-01-02 02:35:00,-0.10924734207628249,-0.2404496703308453,-0.04503213541762332,0,0.9999989158965455,1.084103516938174e-06
2024-01-02 02:40:00,0.169251872305439,-0.45773128869599294,0.2542141767185496,0,0.9999977061715004,2.2938284936704205e-06
2024-01-02 02:45:00,0.33021657664274207,-0.2576201208793038,-0.45408776638419407,0,0.9999951748102828,4.825189638305443e-06
2024-01-02 02:50:00,-0.07730776499235532,0.03482213881572057,-0.6159036706439959,0,0.999994099393135,5.90060693220134e-06
2024-01-02 02:55:00,-0.4336314347182761,-0.09178407740554315,-0.9005822815389867,0,0.9999921734958435,7.826504591488152e-06
2024-01-02 03:00:00,-0.1789219274306491,-0.6388028790913554,-0.573910031452004,0,0.9999952092726904,4.790727278253498e-06
2024-01-02 03:05:00,-0.4415553160717814,-0.5732645215944742,-0.23591436329176033,0,0.9999975179638447,2.482036050658545e-06
2024-01-02 03:10:00,0.2816395848910214,-0.3374025025779359,-0.15091447829044144,0,0.9999980131180294,1.9868822280317268e-06
2024-01-02 03:15:00,-0.06072915880595804,-0.26714601749985245,-0.11245951168600091,0,0.9999984377558045,1.5622438687011541e-06
2024-01-02 03:20:00,-0.312999909376451,0.36149436400699814,-0.5358093791765799,0,0.9999966151129218,3.3848869939875037e-06
2024-01-02 03:25:00,-0.22477315450582577,-0.44616015134172005,-0.045708993236441314,0,0.9999980550474716,1.9449525084889245e-06
2024-01-02 03:30:00,-0.6548041772560069,-0.1273546762991472,-0.05573508067256887,0,0.9999974762517937,2.5237477717814225e-06
2024-01-02 03:35:00,-0.671905762784656,0.2600313610974065,0.07877615277398346,0,0.9999953122015369,4.687798725911564e-06
2024-01-02 03:40:00,-0.029742581790833042,0.6083130494755516,-0.6126909564324114,0,0.9999914070509417,8.592948746175127e-06
2024-01-02 03:45:00,-0.3905965461827238,-0.08094364298238732,-0.20580120795188123,0,0.9999972456827623,2.7543171499520306e-06
2024-01-02 03:50:00,-0.6150829795504875,-0.021989966660864366,-0.5015800596735552,0,0.999997473932588,2.526067514500317e-06
2024-01-02 03:55:00,-0.21050553381481257,0.018931568649921342,-0.3700158981012119,0,0.9999984310446537,1.5689552348607152e-06
2024-01-02 04:00:00,0.10429378179838288,-0.07981489035945542,-0.07088323448361926,0,0.9999990051169736,9.948829640357683e-07
2024-01-02 04:05:00,0.0596355224954606,-0.19674553797649902,-0.10468406159275026,0,0.9999988492297489,1.1507706497130575e-06
2024-01-02 04:10:00,0.12881591006557283,-0.07317997036773047,-0.3775382402065072,0,0.9999979043526895,2.0956476084198465e-06
2024-01-02 04:15:00,-0.3728007888335695,-0.9165789979230827,-0.22032019821502777,0,0.9999964851638576,3.514836174899539e-06
2024-01-02 04:20:00,-0.7214694204169111,-0.2161306873396478,-0.6017451879128525,0,0.999997251196104,2.7488038703368986e-06
2024-01-02 04:25:00,0.0450664679146668,-0.17089128214436394,0.031251278694855174,0,0.9999988667902525,1.1332093014471228e-06
2024-01-02 04:30:00,-0.2685534152587546,-0.26074094709401296,-0.156644765061188,0,0.9999988312290506,1.1687711329158493e-06
2024-01-02 04:35:00,-0.3412280570011986,0.3854615615877647,0.15594168616266144,0,0.9999982362630455,1.7637365438293683e-06
2024-01-02 04:40:00,0.1075409650475427,-0.22804883017163405,-0.2087700323551252,0,0.999995655754333,4.344245481955779e-06
2024-01-02 04:45:00,0.012115936461996572,-0.33146022757584637,-0.3173597885711704,0,0.9999823289514752,1.7671048845795797e-05
2024-01-02 04:50:00,-0.04641491374282955,0.34783940417672693,-0.4169954426614615,0,0.999923560645014,7.643935484575627e-05
2024-01-02 04:55:00,0.44536505184609315,-0.2859444175059642,0.010285786771306463,0,0.9997425044159669,0.0002574955836365777
2024-01-02 05:00:00,-0.24407801299642093,-0.39244542522129383,-0.30344126289566403,0,0.9989940071938073,0.0010059928063273263
2024-01-02 05:05:00,0.017375076218367626,-0.30482648153002284,-0.02018936612075446,0,0.9952052355695177,0.004794764430574323
2024-01-02 05:10:00,-0.1637072026290107,0.01446014009642647,-0.22145415201597649,0,0.9718273262312219,0.028172673768939418
2024-01-02 05:15:00,-0.1549784414757077,-0.07750158577388691,-0.7259483727753823,0,0.8261181655162764,0.1738818344840312
2024-01-02 05:20:00,0.2231002907825317,-0.550164627288672,-0.4855392901088195,0,0.5271145975169146,0.472885402483535
2024-01-02 05:25:00,0.4863873311361261,-0.9399621804434651,-1.5689484491827197,1,0.0019490556615178519,0.9980509443383864
2024-01-02 05:30:00,0.601683793179126,-1.1461115079616402,-0.5416965656107485,1,0.00015278539838468752,0.9998472146012001
2024-01-02 05:35:00,1.273081405176682,-0.5789387510532451,-1.5983924316940856,1,3.4406156753535115e-08,0.999999965593816
2024-01-02 05:40:00,-0.2390293502523022,0.18811290778996567,0.44395990737375685,1,3.675260820748599e-05,0.9999632473915
2024-01-02 05:45:00,-1.2580024620511694,0.409165827951846,-0.07715121831348294,1,9.451496942927026e-06,0.9999905485029653
2024-01-02 05:50:00,-1.8087801361296991,-2.1280165190281126,-0.3299379178018263,1,1.6372397055963675e-07,0.9999998362764152
2024-01-02 05:55:00,-3.072547707751372,0.48050925877282546,0.523405539557047,1,3.9070271409488373e-13,1.0
2024-01-02 06:00:00,1.3434352387908157,0.30035207473986053,1.1227860204628781,1,2.24638271059988e-05,0.9999775361724677
2024-01-02 06:05:00,-1.0979637927697363,1.5894097715086883,0.20562248359148025,1,1.2675848765697042e-07,0.9999998732419124
2024-01-02 06:10:00,-0.7790458139345414,0.8603957736944376,-0.9068607982355019,1,2.5304023253953234e-07,0.9999997469595066
2024-01-02 06:15:00,-0.7496005552974572,1.4213876618732613,-2.358501314717851,1,1.1345180533732252e-13,1.0
2024-01-02 06:20:00,-0.04434518586592816,0.836504439895956,-1.5811714083201422,1,4.939912023657648e-09,0.9999999950605343
2024-01-02 06:25:00,0.7731888542033013,1.704804033732692,-1.2712318101966702,1,2.5381749689210205e-10,0.999999999746251
2024-01-02 06:30:00,1.0717771232743312,0.9876252206501409,-0.37082807633108683,1,4.142267312197423e-06,0.9999958577322404
2024-01-02 06:35:00,-0.5594370692195411,0.03662803994851286,-0.6048280898119375,1,1.438604218848745e-05,0.9999856139582131
2024-01-02 06:40:00,-0.5529596366443001,2.563813016781269,0.4766578751265014,1,4.7221714261382176e-09,0.9999999952779035
2024-01-02 06:45:00,-0.014947734005642088,1.6805299686382849,-0.649168528417686,1,4.795837480530382e-08,0.999999952041436
2024-01-02 06:50:00,-0.486847981341873,1.0414417650787264,-0.36714759110285394,1,1.445753566373137e-06,0.9999985542464392
2024-01-02 06:55:00,1.584077940765603,-1.345417511786513,1.1009676539803461,1,1.1945267755745117e-09,0.9999999988058335
2024-01-02 07:00:00,0.8745816363096666,-2.0757174163030063,0.6025528055262682,1,3.043070300800321e-10,0.9999999996953193
2024-01-02 07:05:00,0.9524780971435504,-0.418880861800889,0.005028425618835617,1,3.892098597453437e-06,0.9999961079013956
2024-01-02 07:10:00,0.890023298035721,-0.09647988163952988,-0.7783511849813913,1,8.493316828111047e-07,0.9999991506687335
2024-01-02 07:15:00,1.4799408020336609,-0.9010973891387979,-1.0482440242468452,1,6.530217891515443e-10,0.9999999993469828
2024-01-02 07:20:00,0.47385930927187503,-0.24652989024330205,-1.3715509681756533,1,8.398893996560402e-08,0.9999999160108963
2024-01-02 07:25:00,-1.5896463395439988,1.6675092592639449,-1.1233912889719682,1,1.0384234354894864e-10,0.9999999998963176
2024-01-02 07:30:00,-0.1863546821924608,1.181886112222081,0.3965980756513786,1,1.765380957056696e-05,0.9999823461906429
2024-01-02 07:35:00,-1.0182694093594187,-1.1427519671959543,-0.23719052600673232,1,1.4778200145562528e-05,0.9999852217998206
2024-01-02 07:40:00,-1.1215308653753437,-0.6186142663354766,-1.6847024125636094,1,3.4224839477322928e-06,0.9999965775163577
2024-01-02 07:45:00,0.17660791457496375,-1.2841791550994477,1.3569519678239261,1,1.8397804788047784e-08,0.9999999816018318
2024-01-02 07:50:00,1.3431722704631215,-0.9887505951475501,0.6549783653611613,1,8.096468107112252e-08,0.9999999190349659
2024-01-02 07:55:00,0.24239814296296913,-0.9308717621996415,-1.480785703378708,1,1.0510883957595975e-07,0.9999998948915219
2024-01-02 08:00:00,0.2549546678790835,-0.9894813348005139,-1.0456196191227507,1,5.938138324213384e-07,0.999999406186538
2024-01-02 08:05:00,1.9197081469558848,-1.9295767997396562,-0.29887589634353745,1,7.891225654749927e-13,0.9999999999990905
2024-01-02 08:10:00,0.676992830917097,-0.8738192075436583,1.7018235342989474,1,2.2910225915096584e-08,0.9999999770898287
2024-01-02 08:15:00,0.676992830917097,-1.0708022820946523,-0.8335929454718878,1,1.5196693588630614e-07,0.9999998480334513
2024-01-02 08:20:00,1.423767905719384,-1.0708022820946523,0.7292133191904666,1,3.119531568817183e-08,0.9999999688043322
2024-01-02 08:25:00,-1.8577043451479691,1.110248909600367,1.670115977416807,1,2.9484848918574186e-12,0.9999999999972715
2024-01-02 08:30:00,0.15480219135046316,1.4814487696318643,-0.3086012958916199,1,2.2712739485933187e-06,0.9999977287260081
2024-01-02 08:35:00,0.3148916325577445,-0.14553676975546034,-0.5107619352333743,1,1.0641179633501178e-05,0.9999893588203593
2024-01-02 08:40:00,1.4460120275292219,-0.1648121680531451,-1.4173217726714704,1,6.689413369013457e-10,0.9999999993306119
2024-01-02 08:45:00,1.0503617319363205,-1.5831235636406427,-0.7608237632603693,1,2.514087099489939e-09,0.9999999974861566
2024-01-02 08:50:00,-0.03584889809442136,1.393603388529928,-0.3778450029136369,1,6.626189255311572e-07,0.999999337381488
2024-01-02 08:55:00,-1.6560946997946187,2.525784749429831,0.5132227077761047,1,3.1570780967141644e-13,1.0
2024-01-02 09:00:00,-0.9319058288325726,0.8001763103097254,1.2605052992419195,1,1.1320298380894377e-07,0.9999998867970199
2024-01-02 09:05:00,-1.4793484744869336,1.3110191458549363,-0.564639161257473,1,4.300072929946727e-09,0.999999995699909
2024-01-02 09:10:00,-1.3217302559962725,0.45780778507350156,-2.4713890771815112,1,6.28709584082308e-11,0.9999999999372449
2024-01-02 09:15:00,0.11918776470421868,-1.5921988775051708,-0.8739076466494629,1,2.41682734763661e-07,0.9999997583172736
2024-01-02 09:20:00,1.8404622860505293,-1.1097796385994547,-0.04374129434706996,1,1.9886150491259987e-08,0.9999999801138986
2024-01-02 09:25:00,0.8366980596013898,-0.3198782496763275,0.1561234460779849,1,7.517041466585626e-05,0.9999248295849621
2024-01-02 09:30:00,-1.36045819002939,-0.7787770429452424,-0.4261480734518933,1,0.00010173705788719674,0.9998982629418556
2024-01-02 09:35:00,-0.06405746939869034,-0.6365515675255342,-0.09757681677642999,1,0.00011575649732434424,0.9998842435025456
2024-01-02 09:40:00,1.2213217165401773,-0.4428939559468569,1.551350299734706,1,5.317819351288738e-05,0.9999468218063345
2024-01-02 09:45:00,-0.5464080488159376,-0.37231315159959966,0.7821584325381611,1,7.68219969761908e-05,0.9999231780026236
2024-01-02 09:50:00,-0.5095885223384838,-0.193168284752312,-0.29039374778278143,1,0.00010588509118509739,0.9998941149088808
2024-01-02 09:55:00,-0.32127784180787405,-1.4598674333850665,-0.7535498576865723,1,4.5705842994683624e-05,0.9999542941572945
2024-01-02 10:00:00,-1.2179349418073706,-1.4321996658274296,-0.524224838917913,1,2.0867108147097413e-05,0.9999791328922464
2024-01-02 10:05:00,0.22149440262812967,-2.0973342052808626,1.5585767338969536,1,1.2036249545360285e-10,0.9999999998799467
2024-01-02 10:10:00,-0.26363881149466634,0.3875237992550666,0.15442080463251714,1,2.7995520732999766e-05,0.9999720044796765
2024-01-02 10:15:00,0.2351032827006782,-2.525630163622694,-0.08454772543756174,1,2.8751987560352472e-09,0.9999999971250872
2024-01-02 10:20:00,-1.1733180324469363,0.46759654259367245,-0.6718585453735794,1,9.692430299965024e-07,0.999999030757423
2024-01-02 10:25:00,-1.0593797380426668,1.6417394462356374,0.914791109498027,1,1.374285029277239e-08,0.9999999862575352
2024-01-02 10:30:00,0.3573932674466388,-0.009504025117796387,2.350473054164661,1,3.1567137001660616e-08,0.9999999684332583
2024-01-02 10:35:00,-0.5231296808828352,-0.009504025117796387,1.0986820047806762,1,1.8276117308056624e-06,0.9999981723884378
2024-01-02 10:40:00,1.7157848757172984,-1.5426923620785122,0.3130734517537375,1,1.2173130650911227e-09,0.9999999987830961
2024-01-02 10:45:00,-0.1475628620322578,-0.6824443930771424,0.026120774564414483,1,1.4489412730617576e-05,0.9999855105874472
2024-01-02 10:50:00,0.03765706348562629,-1.5473157945603633,-2.7590157734621257,1,6.328584408945036e-11,0.9999999999363354
2024-01-02 10:55:00,0.9370853546911009,-1.218995697818028,-0.10581145023362709,1,1.1918876308062634e-07,0.9999998808116359
2024-01-02 11:00:00,-1.5955533618301418,1.3064386952291662,0.009019327938521449,1,4.034734049371751e-09,0.9999999959654815
2024-01-02 11:05:00,-2.7635556228675586,1.0374051635339692,0.371417993192696,1,2.55700493355539e-13,1.0
2024-01-02 11:10:00,-2.83364182333179,-0.9292791421992955,-0.7905256110544086,1,1.395026508560037e-08,0.9999999860501704
2024-01-02 11:15:00,0.4690654917620083,-2.3178586693172223,-0.77456046110678,1,1.9318241575613235e-09,0.9999999980682333
2024-01-02 11:20:00,-0.7030354756027838,-1.2268529101735097,-0.7993892065009622,1,5.870927763298485e-06,0.999994129072501
2024-01-02 11:25:00,2.6526906714003373,-0.7648085426394535,0.7902899267776858,1,1.7112035679786463e-09,0.9999999982892405
2024-01-02 11:30:00,-0.06271681857972597,0.2158307016652068,-0.2939646897760821,1,2.2182092429715407e-05,0.9999778179076281
2024-01-02 11:35:00,0.015269669170618288,-0.713898945930167,2.1247704862314047,1,1.9998197514776053e-08,0.9999999800020307
2024-01-02 11:40:00,1.656948849292119,0.24925790347665383,1.0089530681777803,1,9.041804568249835e-06,0.9999909581956172
2024-01-02 11:45:00,2.702545322956509,2.227409356798054,-1.2282627328335245,1,1.4459338184503351e-15,1.0
2024-01-02 11:50:00,3.0822767985338055,1.4923563059438156,-0.6205903590360091,1,4.3668277497161615e-13,1.0
2024-01-02 11:55:00,2.179210445516176,0.24716813462641332,-1.0214769942055908,1,2.6256951750329445e-11,0.9999999999736247
2024-01-02 12:00:00,1.6885905689960043,-0.28664297746583434,-2.8615659017027077,1,1.2242809425609193e-17,1.0
2024-01-02 12:05:00,1.0269908908470766,-0.6526756283828958,0.8158266012536155,1,4.2832409660342425e-05,0.9999571675904183
2024-01-02 12:10:00,1.050035303920702,1.061579132621686,0.9198100371279828,1,0.0001826391402831924,0.9998173608596229
2024-01-02 12:15:00,-0.5279429595960777,-0.5693310206736463,0.7615598736181949,1,7.71009666834376e-05,0.9999228990329574
2024-01-02 12:20:00,-1.3196305556021461,-0.26062178987835544,0.3040542635295266,1,1.9784244292910105e-05,0.9999802157555553
2024-01-02 12:25:00,-0.5858221087285325,-0.16091929321859977,-1.5582754103553282,1,4.382934254617689e-06,0.9999956170655068
2024-01-02 12:30:00,-0.5645263011455315,-0.7871367057995888,-1.1154300799324381,1,7.370723255636123e-06,0.999992629276555
2024-01-02 12:35:00,-0.8955406112122714,-2.0080888275183058,0.4949880816539953,1,2.0311585108886787e-08,0.999999979688255
2024-01-02 12:40:00,0.3755588603639935,-0.3626891405200102,-1.1322194312199587,1,5.258662624438199e-07,0.9999994741339396
2024-01-02 12:45:00,1.0655326576149475,-0.3246700461213995,-1.1322194312199587,1,2.225584423015112e-08,0.9999999777437554
2024-01-02 12:50:00,0.2391351741761717,0.35266734073763595,-1.3432598088325975,1,9.642922886694415e-08,0.9999999035708289
2024-01-02 12:55:00,1.6471258058965714,-0.6708113920694122,-0.6698175046703984,1,3.31455152735289e-09,0.9999999966858013
2024-01-02 13:00:00,-1.0527277531469192,1.1038135150384005,-0.1586251007655,1,2.8905661443305753e-07,0.9999997109435261
2024-01-02 13:05:00,-0.7325812677933379,-0.8526521182064591,0.6557640142304523,1,1.0076953680741455e-06,0.9999989923049345
2024-01-02 13:10:00,-1.2601757096826915,1.632105864478026,0.7987303721187109,1,4.036175231919573e-09,0.9999999959636625
2024-01-02 13:15:00,-2.788975581408129,-1.7274665159178864,0.41929076406032845,1,1.0639371178466455e-11,0.9999999999890861
2024-01-02 13:20:00,-1.1211629242074206,-0.14585400041611105,1.3497684458176251,1,2.0834146748015984e-08,0.9999999791662051
2024-01-02 13:25:00,-0.667388889572331,0.3768746735061255,-1.3972366150090498,1,2.2136786899442968e-07,0.9999997786317426
2024-01-02 13:30:00,1.4179867641727393,-0.9743679510864323,0.034533929888743056,1,2.832234532626855e-07,0.999999716776114
2024-01-02 13:35:00,0.9914472217566453,0.06776401500902883,0.6000232632066809,1,2.3620062628200593e-05,0.9999763799375775
2024-01-02 13:40:00,-1.1093622524700701,1.39503215004134,-1.3106743825908707,1,3.1630778529291958e-09,0.9999999968367774
2024-01-02 13:45:00,1.6914593990508011,-2.3552861115447326,-2.1774219732207754,1,1.0176409250558883e-17,1.0
2024-01-02 13:50:00,1.7770655280589474,-0.25354601428088125,-1.5936161149274162,1,2.4155654574361507e-12,0.9999999999972715
2024-01-02 13:55:00,1.0411011543537843,-0.25354601428088125,-1.324383776552042,1,6.146341595080847e-09,0.9999999938536348
2024-01-02 14:00:00,-0.1435613388179336,-2.2426309533421924,0.333796051669142,1,2.4696844973566607e-09,0.9999999975307219
2024-01-02 14:05:00,-1.3726821991036477,1.1167800749495722,-0.6937611735728936,1,3.107350112760603e-08,0.9999999689262045
2024-01-02 14:10:00,-1.0414056467997368,-0.4987464896256169,-1.2715998342213506,1,3.3520672096431915e-06,0.999996647932837
2024-01-02 14:15:00,0.7995150590127623,-1.6859446147852415,-1.1721413689092886,1,2.7672021556114187e-09,0.9999999972324076
2024-01-02 14:20:00,2.300472777111236,-0.884122282431337,0.7866111042697226,1,7.151139025981023e-10,0.9999999992851372
2024-01-02 14:25:00,2.3438610651399427,2.044909481205987,0.1417171252100159,1,3.3606117717113496e-08,0.9999999663941713
2024-01-02 14:30:00,-0.06548700126065816,-1.7033479638413105,-0.2661224565508558,1,3.625327512538042e-07,0.9999996374672921
2024-01-02 14:35:00,-1.540200959603392,-1.901892385431404,-0.3112788449623763,1,2.998872515176171e-07,0.999999700112357
2024-01-02 14:40:00,-0.4800266786433325,1.0626948944106687,1.2382088311477002,1,1.2430935733079288e-06,0.9999987569061427
2024-01-02 14:45:00,-2.4379936499188113,2.3795419283606725,-0.5725272585638311,1,3.3593476288419523e-16,1.0
2024-01-02 14:50:00,-0.5320751314567658,0.44765819585665045,1.185974283129912,1,1.832809745579381e-06,0.999998167190685
2024-01-02 14:55:00,-0.521483201093193,-1.4793524197183117,0.48164823305633686,1,3.0271191030648964e-07,0.9999996972883768
2024-01-02 15:00:00,-0.8978960484288293,1.8994886377616509,-0.14314945232495968,1,5.197914613443671e-09,0.9999999948022378
2024-01-02 15:05:00,-2.356251409531662,2.318215022114195,2.6362726663774225,1,4.2349491514116246e-21,1.0
2024-01-02 15:10:00,-0.2805467620831947,1.3575729624278006,-0.49476090639952397,1,1.2368364178548413e-06,0.9999987631634585
2024-01-02 15:15:00,-0.9050826080151616,-0.7001458443949586,-0.6515271511635802,1,1.3574532603837956e-05,0.9999864254671622
2024-01-02 15:20:00,-1.85203924606087,-0.4116988347927652,-1.6781897567909243,1,9.908215513549757e-07,0.9999990091787728
2024-01-02 15:25:00,-1.85203924606087,-0.45726165620711173,0.4495484914983461,1,4.344186676990117e-08,0.9999999565579865
2024-01-02 15:30:00,-1.468333821613425,0.11190504758499638,1.9091792808186647,1,5.067399897558225e-09,0.9999999949322955
2024-01-02 15:35:00,1.4862090721162113,1.6117433869886828,2.325590451664004,1,0.0008167778287465545,0.9991832221714838
2024-01-02 15:40:00,2.2402630258834497,1.3834945941053292,1.9533382658180864,1,0.0008718299125979496,0.9991281700872554
2024-01-02 15:45:00,-0.0587149250838846,-1.0067678258712212,0.25688547919494903,1,0.00041087970397246773,0.9995891202955853
2024-01-02 15:50:00,-0.9213941863932386,1.1877393481952148,-0.43891508804405704,1,1.4126396894950202e-05,0.9999858736034254
2024-01-02 15:55:00,0.09647556995831204,0.5843810824658122,-2.1035154853351186,1,4.189283273704261e-10,0.9999999995807229
2024-01-02 16:00:00,-1.347097103350708,0.8470559651911903,1.529746950339709,1,1.3772702032366248e-09,0.999999998623025
2024-01-02 16:05:00,-0.23028729274907467,1.8507266043435555,0.8729376596160265,1,8.853199286706814e-07,0.9999991146800593
2024-01-02 16:10:00,0.658212474581761,-0.9071823955153631,-0.39536339832397244,1,1.3448672926416736e-06,0.9999986551329078
2024-01-02 16:15:00,1.4741240071643436,-0.4581431804381886,1.2531127221430844,1,9.69279679990118e-07,0.9999990307201337
2024-01-02 16:20:00,0.1369377269610966,-0.9115085521786646,-0.8173191839431125,1,2.5184782541789825e-06,0.9999974815213927
2024-01-02 16:25:00,-0.38761919939708456,-2.2772404841154277,0.09930278557179542,1,2.1703824653080187e-08,0.9999999782958187
2024-01-02 16:30:00,-1.3487988309229344,-0.41527185779808534,-0.27146461948627915,1,3.983067643738559e-06,0.9999960169322747
2024-01-02 16:35:00,-1.5762360988753676,2.7119675458876973,0.5217561069320439,1,2.388029769723361e-13,1.0
2024-01-02 16:40:00,-0.9287563078230644,-1.5131920282925673,-0.023152543229783853,1,9.103766298583768e-07,0.9999990896235027
2024-01-02 16:45:00,-0.02661777282340273,-0.6357398705879184,-1.7332592500425865,1,1.293518645644108e-07,0.9999998706480339
2024-01-02 16:50:00,0.8951464801224832,0.4258190508810194,-0.5445316771313529,1,2.1519786479535707e-06,0.9999978480214358
2024-01-02 16:55:00,-0.8747991526094224,0.13030087230302553,0.8971158537248406,1,2.062521689894299e-06,0.9999979374782366
2024-01-02 17:00:00,1.331015244175076,-0.2386196690385645,0.12775699734904924,1,2.408698889922526e-06,0.9999975913007707
2024-01-02 17:05:00,-0.10979980953068808,-1.7566215846435658,0.7936247830041806,1,4.969480855779126e-08,0.9999999503052107
2024-01-02 17:10:00,-0.2443213183562558,-0.3942591768093752,-1.0362845551540396,1,1.0568163789789712e-05,0.9999894318365482
2024-01-02 17:15:00,-1.1499234816113375,-1.1596790580892025,-0.44896818394838295,1,1.323642554399296e-05,0.9999867635745611
2024-01-02 17:20:00,-1.1499234816113375,-3.089785299006213,-0.9397069460467891,1,5.14425379347936e-06,0.99999485574658
2024-01-02 17:25:00,-0.15829437891893214,0.34699983452225164,0.44202127017788284,1,0.002957761482051788,0.997042238518123
2024-01-02 17:30:00,0.6449590031303282,1.0977701129866768,0.05890636749388154,1,0.0033182496240506103,0.9966817503762478
2024-01-02 17:35:00,-0.32778034861700905,0.24714772857549136,0.6781646871695148,1,0.0033271472840652604,0.9966728527155457
2024-01-02 17:40:00,-0.20438795794015072,0.20246716415148266,1.3072309221829037,1,0.002916402941490494,0.9970835970585474
2024-01-02 17:45:00,0.36780062020528786,1.1919669837966171,1.0543843195253944,1,0.0026365700747362545,0.9973634299250503
2024-01-02 17:50:00,-1.9382092773097699,0.4802946982910929,0.5119829186806376,1,2.369078838775424e-06,0.9999976309209937
2024-01-02 17:55:00,-1.398032556060288,1.0732491600440826,-1.0680274780641903,1,3.098450037471185e-08,0.9999999690153349
2024-01-02 18:00:00,0.3414862241441742,-0.17447634920716332,-0.4323212904046753,1,1.075062494836922e-05,0.9999892493747565
2024-01-02 18:05:00,-1.5786452777521307,1.3608807200548307,-0.8327970463250912,1,4.1527121394731664e-09,0.9999999958472472
2024-01-02 18:10:00,-0.30956707924042876,0.6454046800278441,-0.7422115276902312,1,2.1520448207612186e-06,0.9999978479550428
2024-01-02 18:15:00,-1.895899312423367,0.2803888190438057,-0.7490042965605207,1,1.393077251995905e-07,0.9999998606927062
2024-01-02 18:20:00,-0.1986704686490708,-1.5663255188354746,-1.4259374962945317,1,2.2328730701189296e-07,0.9999997767127091
2024-01-02 18:25:00,-0.2879981190969944,-0.27289724624991396,-2.718645572622838,1,3.545308666778678e-11,0.9999999999645297
2024-01-02 18:30:00,-2.1976342024963245,-1.2124865566516703,-1.669252138648137,1,8.309344998710177e-07,0.9999991690650673
2024-01-02 18:35:00,0.5432315525010879,-1.2645660745492269,-0.39400169615015684,1,5.411052993161604e-07,0.9999994588944545
2024-01-02 18:40:00,-0.8986137767228489,-1.4903154316188336,-1.7299665028960454,1,1.0224882426024296e-06,0.9999989775120182
2024-01-02 18:45:00,-1.4213592074226302,-1.8556915646229564,-0.6103143316402165,1,1.0573658335085208e-06,0.9999989426338421
2024-01-02 18:50:00,-0.3732288526437386,1.8209106288559536,1.8265335967287304,1,6.001307790337925e-07,0.9999993998691916
2024-01-02 18:55:00,1.0713586977698863,1.9824624264485438,1.5796649247598447,1,4.2138324810995e-05,0.9999578616754615
2024-01-02 19:00:00,-1.0754172714816495,2.729826087865318,2.19732608420127,1,2.6787955499409468e-12,0.9999999999972715
2024-01-02 19:05:00,-0.4350098755605936,-0.7755305257228327,0.9864233512554549,1,6.585020765878295e-07,0.9999993414978584
2024-01-02 19:10:00,0.1947590601833562,-0.2915951096576582,1.488669549326344,1,1.1431933765338167e-06,0.9999988568067406
2024-01-02 19:15:00,0.698736631014912,-1.7657406450203141,-0.46928807523270444,1,1.5753931166689967e-08,0.9999999842457329
2024-01-02 19:20:00,0.2340384465091392,-1.4986633654342456,-0.9679093518654388,1,2.2431936076900757e-07,0.999999775680433
2024-01-02 19:25:00,-0.5532158805044949,-1.6824618714841335,-0.9679093518654388,1,1.2961350096549646e-06,0.9999987038653886
2024-01-02 19:30:00,-1.3384074130885397,0.8225808295841461,0.17767890957392957,1,2.3376268759605584e-07,0.9999997662371516
2024-01-02 19:35:00,-0.48474446913162317,-0.36684339192033755,1.6616625238649447,1,3.635394846924192e-08,0.9999999636456784
2024-01-02 19:40:00,-1.6093813573914129,1.0141274142325383,-0.22699488120699515,1,1.810635170258701e-08,0.9999999818937796
2024-01-02 19:45:00,-1.6093813573914129,0.8775634975623703,-0.4600129958414336,1,3.165217445913039e-08,0.9999999683477658
2024-01-02 19:50:00,-0.9108472537240061,2.8531180787657116,-1.0872226889985113,1,5.728004141019345e-15,1.0
2024-01-02 19:55:00,0.6183745707578752,-1.0429454740645725,-0.00838852884629056,1,1.0754035195287212e-06,0.9999989245967624
2024-01-02 20:00:00,-2.8171411239615596,1.037750093840322,1.142760483811266,1,2.1501888391559174e-15,1.0
2024-01-02 20:05:00,-2.2347062808030076,1.5281275774957892,-1.7088355403867916,1,3.0776013234906415e-13,1.0
2024-01-02 20:10:00,-0.11825697024182973,-0.8399824034735011,-0.1650122678464965,1,1.0427903321492157e-05,0.9999895720964391
2024-01-02 20:15:00,2.231258230636292,0.7995156841124249,-0.4667467286607396,1,1.370410060778745e-07,0.9999998629591667
2024-01-02 20:20:00,0.5082542852842077,0.4952193180813412,-0.12241807986402883,1,6.602873124788387e-05,0.9999339712684807
2024-01-02 20:25:00,-0.9012529474278349,-0.2648213658085746,0.36615781948411724,1,5.6132366243797094e-05,0.9999438676334274
2024-01-02 20:30:00,-0.6743087270866607,-1.2005485220320191,-0.2087693580168586,1,3.373633511714438e-05,0.999966263665295
2024-01-02 20:35:00,1.2507239260486935,-1.35688775205289,-0.2869173565132704,1,6.390411428002072e-08,0.9999999360961758
2024-01-02 20:40:00,-0.5807174197351797,1.881610533988736,-0.4333120813016718,1,8.2311236088319e-09,0.999999991769073
2024-01-02 20:45:00,-1.312805669942121,0.42181289636437236,0.842915838887207,1,1.0549922982277049e-07,0.9999998945004391
2024-01-02 20:50:00,-1.1552084596683716,0.9110817519489692,0.6109047526598822,1,2.080767592176381e-07,0.9999997919230953
2024-01-02 20:55:00,-1.668892136184714,-0.8085793572373394,0.32037271121828065,1,1.9478372470070299e-07,0.9999998052162672
2024-01-02 21:00:00,-0.5403484051394026,-1.3113707965681263,-1.4295627500836963,1,1.1799236417980867e-06,0.9999988200759302
2024-01-02 21:05:00,1.588689545680793,0.7469124563355102,-0.959719723233135,1,3.4652906403937683e-09,0.9999999965348252
2024-01-02 21:10:00,0.67582440069233,-1.5207152643125454,0.6051208316271864,1,7.413583085146946e-08,0.9999999258643611
2024-01-02 21:15:00,-0.28398209086655835,-1.0923573543777365,0.11475363338348116,1,7.232140493867769e-06,0.9999927678597983
2024-01-02 21:20:00,-0.6189598275192411,-0.430813212762135,0.6608701621201717,1,6.986542760176672e-06,0.999993013457092
2024-01-02 21:25:00,-2.235006229019584,-0.1405778165087694,2.05877595361565,1,1.1329973283936112e-14,1.0
2024-01-02 21:30:00,0.19630227716143023,-0.39815280220751836,1.6666723586556058,1,3.0637840056719086e-06,0.9999969362162668
2024-01-02 21:35:00,-0.2198058663473348,0.20672455242384727,0.4950483255824706,1,5.3722614897425246e-05,0.9999462773855318
2024-01-02 21:40:00,-0.46699397144534915,0.7406289497444177,-0.5299475254100976,1,2.7689685747044498e-05,0.9999723103142204
2024-01-02 21:45:00,-0.46699397144534915,0.9503754886232534,-0.5299475254100976,1,7.469133301527204e-06,0.9999925308663205
2024-01-02 21:50:00,1.2143236225034701,-1.0280505927289865,-1.2308768363433265,1,8.774070110226056e-09,0.9999999912261046
2024-01-02 21:55:00,-0.7177888568612579,-0.7890533081484088,-0.8415115467241644,1,1.2521057349661896e-05,0.9999874789429575
2024-01-02 22:00:00,-0.9094883464930521,1.0374219023568592,0.07392293198232873,1,3.5122439955354926e-06,0.9999964877559084
2024-01-02 22:05:00,0.9102524041078238,1.2292691280076031,-0.2582050087483529,1,3.133913665977824e-06,0.9999968660862573
2024-01-02 22:10:00,0.22218976194080997,-1.4036344546120394,-0.5434364858026344,1,9.536392826015084e-07,0.9999990463606991
2024-01-02 22:15:00,-1.8337585116431192,-0.14753040702902978,-2.2555266656027486,1,7.64631191995897e-09,0.999999992353878
2024-01-02 22:20:00,0.3597325788776019,-2.534957152609051,-1.8333489815295334,1,1.098827025404612e-09,0.9999999989013304
2024-01-02 22:25:00,-0.874454470302024,-0.8482780662388253,-0.12743723768708937,1,0.0002056011382637711,0.9997943988613489
2024-01-02 22:30:00,1.7848253811839088,1.8537878549136926,1.7658697871097977,1,0.00030962286315280396,0.9996903771370367
2024-01-02 22:35:00,1.6370128371225643,-0.7120443509629552,0.3122317635600107,1,1.2432276622765654e-05,0.9999875677230846
2024-01-02 22:40:00,-0.22803841555888527,-1.3470405357696116,0.350308958737795,1,1.2725938461339778e-05,0.9999872740618534
2024-01-02 22:45:00,1.2727187615504096,0.3589493234170317,1.0581161509081687,1,4.183557299653691e-05,0.9999581644271691
2024-01-02 22:50:00,0.2767926554354549,-1.866371235573976,-0.6953634926404202,1,4.3784554740258636e-07,0.9999995621547945
2024-01-02 22:55:00,0.9136796703865686,-1.4541727171534609,0.09151121525806986,1,5.14652408812967e-08,0.9999999485344246
2024-01-02 23:00:00,0.6660211939112854,0.12796122537458202,-0.9068582012128541,1,1.1831377083553114e-06,0.9999988168626892
2024-01-02 23:05:00,-0.9950068941024706,-0.8576893354586089,0.5832489122547713,1,5.340311028496933e-06,0.9999946596887443
2024-01-02 23:10:00,-1.251558633984063,-0.6807719982191975,0.2349529766211157,1,3.4535273749514736e-05,0.9999654647260292
2024-01-02 23:15:00,0.6663909275108576,0.5352843592164982,0.2943953771168505,1,0.00011765166062941084,0.9998823483395146
2024-01-02 23:20:00,-0.38506340588215066,0.5172806521769753,-0.892935846962521,1,5.79488627350068e-05,0.9999420511368864
2024-01-02 23:25:00,-0.7826001981529832,0.32829096830253474,0.41151770327828946,1,3.9191182361445536e-05,0.9999608088177582
2024-01-02 23:30:00,-1.5592481681651678,-0.44737088219972954,2.3387034586331317,1,1.4964120868086796e-12,0.999999999998181
2024-01-02 23:35:00,-0.14873189160600422,0.16139577706999106,-0.5308243286152995,1,1.3087533491075457e-05,0.9999869124668884
2024-01-02 23:40:00,2.2281111297165164,-0.24187387409603328,-0.6468205195457976,1,2.266644740914285e-09,0.9999999977335392
2024-01-02 23:45:00,-0.7900339604590839,0.3271560876584969,-0.0446552948883168,1,1.3763054960989399e-05,0.9999862369451299
2024-01-02 23:50:00,-0.394049694209804,-0.6349568637726681,0.7544884963511976,1,7.868528728061426e-06,0.9999921314711515
2024-01-02 23:55:00,1.3793178633542242,-0.550590515507283,-0.5062473478919414,1,2.2783647198134581e-07,0.9999997721634177
2024-01-03 00:00:00,0.1329481125376775,-1.4832692078218315,-0.5062473478919414,1,1.7215526290693578e-06,0.9999982784471552
2024-01-03 00:05:00,0.3932256416047768,-0.6299986822180851,0.38073856271321743,1,9.413971622043475e-06,0.9999905860283627
2024-01-03 00:10:00,-1.334373181066764,-1.2947544376915583,0.8532330162900829,1,2.649122779585956e-08,0.9999999735091482
2024-01-03 00:15:00,-0.07565716750463516,-1.8537529216743605,-1.7958894925998121,1,1.84997361482651e-07,0.9999998150024283
2024-01-03 00:20:00,-0.43169362862939187,-0.3926978990143327,-1.3248966321945113,1,6.791184017398672e-05,0.9999320881594017
2024-01-03 00:25:00,0.8596249004389376,-0.008868337951518576,1.2419466915945463,1,0.00023942639397544498,0.9997605736059834
2024-01-03 00:30:00,1.4874053695154381,0.7827598414017398,1.8777923674071237,1,0.0002852360176783744,0.9997147639818764
2024-01-03 00:35:00,1.4874053695154381,-0.42019460426440053,1.5009343069110945,1,0.00017293689050702714,0.9998270631090558
2024-01-03 00:40:00,1.5092069222813598,0.2146268740637028,0.1451416256204725,1,0.00024132399013775813,0.9997586760095407
2024-01-03 00:45:00,0.6552184762356635,0.5744437821303704,0.027250481132963397,1,0.00035538005034308726,0.9996446199500983
2024-01-03 00:50:00,0.24237172277930727,0.5565888000554433,-0.2465890943736437,1,0.0003009824422855191,0.9996990175574059
2024-01-03 00:55:00,-0.5341921857838915,-0.9561641579410914,1.0749872504042175,1,3.020706802558877e-05,0.9999697929321375
2024-01-03 01:00:00,0.05732296112853466,-0.2531058963459383,-0.7627072549193313,1,3.563632721325993e-05,0.9999643636730777
2024-01-03 01:05:00,-0.520847954167934,0.21265006122632923,-1.2359313674228025,1,2.27185453864847e-05,0.999977281454222
2024-01-03 01:10:00,-0.14135021026563802,-0.07116798407396444,0.6466759913542875,1,3.872682525411047e-05,0.9999612731749283
2024-01-03 01:15:00,1.3423319581980104,-2.6404928270565313,0.03574121195563147,1,1.2726267485684635e-12,0.9999999999990905
2024-01-03 01:20:00,-0.9830639217581071,-0.7452030300337055,1.4386421103864815,1,4.655072965031077e-09,0.9999999953452061
2024-01-03 01:25:00,0.8779672283072857,2.258186363453162,-0.4258217996909576,1,6.344829737433424e-09,0.999999993655365
2024-01-03 01:30:00,1.6475520615354955,0.10677916447928844,-0.29762097705836854,1,1.862613682899081e-07,0.9999998137382309
2024-01-03 01:35:00,0.16761115067726695,-0.975329800292915,-1.226406989268935,1,4.261986864428201e-07,0.9999995738008691
2024-01-03 01:40:00,-2.664992705484546,0.006908743089588662,-0.46852118636326145,1,1.645559366501135e-09,0.9999999983547241
2024-01-03 01:45:00,-1.709964856179181,0.22923734320412256,-1.8976597838833313,1,7.808450834966208e-09,0.999999992191988
2024-01-03 01:50:00,0.847187688682254,1.3405031812534725,-1.2217227757294142,1,1.1991210204082164e-09,0.999999998801286
2024-01-03 01:55:00,0.04098593465200316,-1.2338239667280482,-2.076471593977242,1,5.311780545589631e-09,0.9999999946885509
2024-01-03 02:00:00,-1.3648368608430397,0.35417474787041986,0.041842816564489196,1,8.22556107371902e-07,0.999999177444235
2024-01-03 02:05:00,-1.1970804345500796,0.6633236685651925,0.7026055028895394,1,2.6756812183795627e-07,0.9999997324321515
2024-01-03 02:10:00,0.45702993780214973,-0.11314404415435253,-1.8269366266117577,1,2.9957866034578776e-08,0.9999999700421545
2024-01-03 02:15:00,0.6029345179690573,0.2244379722166788,0.8301388111314032,1,4.480524297435969e-05,0.9999551947573064
2024-01-03 02:20:00,-0.28985001844949776,1.1453299967818282,2.924373624408897,1,1.8775357458789428e-09,0.9999999981228029
2024-01-03 02:25:00,-0.7101399237004663,1.2351442647045996,0.8197933201961122,1,1.6904060677973145e-06,0.9999983095936577
2024-01-03 02:30:00,-0.865949256760834,-1.1291603926083895,-0.5775885541641905,1,8.672599341944337e-06,0.9999913274008119
2024-01-03 02:35:00,-1.545257944240581,0.4909112321160121,2.866503479934964,1,2.8540531268611e-15,1.0
2024-01-03 02:40:00,1.2761272808460133,-0.07296185091850707,-0.7192530200373622,1,1.4616492486359115e-06,0.9999985383503139
2024-01-03 02:45:00,-0.18729563060499646,-0.07890192051200245,-0.3021681181253809,1,6.135069021623668e-05,0.9999386493094011
2024-01-03 02:50:00,1.2088196016160742,-0.08030082015802241,0.0007868926922081719,1,4.185328351594405e-05,0.9999581467164105
2024-01-03 02:55:00,1.990226376347145,-0.3458380491490479,1.3910106983099546,1,2.4328502989977107e-05,0.9999756714972978
2024-01-03 03:00:00,1.6011980171869817,1.1667612073965752,0.7095361280143335,1,0.00016414544254108503,0.9998358545572876
2024-01-03 03:05:00,-0.22006572660857276,0.10721429921896317,-0.4518274225324728,1,0.00014847958931868752,0.9998515204108299
2024-01-03 03:10:00,0.22933794920212766,-1.4396878170603602,-1.3047435015963658,1,4.4136866963935025e-06,0.9999955863128976
2024-01-03 03:15:00,-0.14595149145235517,-1.0423205741774302,-0.881295911994647,1,5.678577091830894e-06,0.9999943214231531
2024-01-03 03:20:00,-1.3069572822519555,-0.2441505207810549,-1.4957267955766322,1,1.728199840639413e-06,0.9999982718005794
2024-01-03 03:25:00,-0.19134380829449643,1.2417708732070907,-0.5042090441857402,1,8.377113760816146e-07,0.9999991622884279
2024-01-03 03:30:00,-1.6487926617847806,0.9446389157873024,-0.8890403509982715,1,9.51820567086705e-09,0.999999990482138
2024-01-03 03:35:00,0.7352297742728819,-0.869271807520295,-2.041084868052493,1,9.944977778138953e-11,0.9999999999008651
2024-01-03 03:40:00,-0.5191903873184129,2.544482837914666,0.6781143829291018,1,3.583973902229616e-09,0.9999999964156814
2024-01-03 03:45:00,-0.10187434801979016,0.934027448221162,-0.460182200196496,1,2.832758478885817e-06,0.9999971672417919
2024-01-03 03:50:00,0.12122173271852037,1.6500132776975498,-1.6605911317277415,1,1.3720030565845574e-10,0.9999999998626663
2024-01-03 03:55:00,-0.4581725992340762,0.17151027131300287,-0.7945610827340558,1,2.3096418492575186e-05,0.9999769035814723
2024-01-03 04:00:00,0.37600851323185175,0.5408177555766307,-0.27095420506976264,1,3.105786978934866e-05,0.9999689421304544
2024-01-03 04:05:00,-0.639218661526536,1.0148168891275728,-2.1370688868177754,1,2.0845368205742263e-10,0.9999999997917257
2024-01-03 04:10:00,0.6609574336095033,1.606385483049765,-0.38020417013669094,1,3.1157366553265104e-07,0.9999996884262631
2024-01-03 04:15:00,-1.5921036536750268,1.593031194812791,-1.3902482415150208,1,1.2633206410359993e-11,0.9999999999872671
2024-01-03 04:20:00,-0.5128902178901708,1.3693141631056618,1.381587534888748,1,1.0152331637291359e-06,0.9999989847670501
2024-01-03 04:25:00,1.9715306193728406,-0.10654509806269379,0.8897847072988906,1,9.95169910099008e-06,0.9999900483011935
2024-01-03 04:30:00,-0.7869001890438945,-0.8538360671595663,-0.28768347368141356,1,7.534534091426301e-05,0.9999246546586408
2024-01-03 04:35:00,-1.2298890741395838,-0.004983490287052049,-1.025831306412659,1,8.6197277516678e-05,0.9999138027223164
2024-01-03 04:40:00,0.057728784918411796,0.9622061172842769,-0.5335753286736239,1,0.00013268989883685883,0.9998673101010283
2024-01-03 04:45:00,0.04547941247001437,-0.11908272689321603,0.41426452314660905,1,0.0002399170391070794,0.9997600829611737
2024-01-03 04:50:00,0.245703433569657,1.0846499851747962,-0.012948776323653297,1,0.00018172969658090854,0.9998182703032044
2024-01-03 04:55:00,0.4709381043712245,1.9054834739844884,-0.35478213582287865,1,5.592791339566038e-06,0.9999944072089384
2024-01-03 05:00:00,0.7119932975257306,-0.6590748756309562,-0.15017002529305865,1,5.1568347927995435e-06,0.9999948431656045
2024-01-03 05:05:00,1.3505097308412677,-1.3342318847712045,-0.8270450087708161,1,1.7729597882355383e-09,0.9999999982273948
2024-01-03 05:10:00,0.7077684866670964,-0.7103088037144029,-0.7395293776345719,1,5.11547703630219e-07,0.9999994884521073
2024-01-03 05:15:00,-0.2611720155417952,0.008417634790510227,-2.655924551694155,1,3.860929901068277e-11,0.9999999999618012
2024-01-03 05:20:00,0.537482167314804,-0.7633680585959809,0.17993362638780327,1,4.823245428528655e-06,0.9999951767547731
2024-01-03 05:25:00,2.2400961254623875,1.2319340640407852,0.2782752581858896,1,9.453580299107824e-07,0.9999990546416405
2024-01-03 05:30:00,0.3280118416516757,0.7292665346500509,-0.887579465512535,1,6.436363949408302e-07,0.9999993563635396
2024-01-03 05:35:00,-1.249198420992624,0.12210449953877445,1.7416445616708829,1,7.615580471317423e-10,0.9999999992387529
2024-01-03 05:40:00,0.7590300199986334,-1.810594453622815,0.5106929931374715,1,3.1948493185953764e-09,0.9999999968049451
2024-01-03 05:45:00,-0.10170224995205068,-2.2479097184376866,-1.1107005978549374,1,1.761315146964591e-08,0.9999999823867257
2024-01-03 05:50:00,-2.806360529477913,-0.4844283120972882,0.5130807197682624,1,1.4011079805482613e-11,0.9999999999863576
2024-01-03 05:55:00,-0.017646155739134563,-2.8191911373982905,0.48886459375069113,1,8.968186889897082e-09,0.9999999910314727
2024-01-03 06:00:00,-0.8293443647988722,0.2122837951204777,0.47773334329938777,1,0.007841991262232758,0.9921580087380238
2024-01-03 06:05:00,-0.5426342783370306,-0.2674491079497267,-0.4401229359259819,1,0.015072112597302605,0.9849278874029899
2024-01-03 06:10:00,0.04703779473019216,-0.2674491079497267,0.26137241214426493,1,0.016704905636268152,0.9832950943635203
2024-01-03 06:15:00,0.05528683932997156,-0.2674491079497267,-0.32220565208170504,1,0.01668080852489368,0.9833191914753192
2024-01-03 06:20:00,0.6763805298138857,0.7458898448019807,0.41429936727892475,1,0.015449534398995076,0.9845504656008792
2024-01-03 06:25:00,-0.5021195225913319,-0.0458852134223129,-2.1081650981583193,1,2.3981677301444347e-05,0.9999760183229055
2024-01-03 06:30:00,0.2751035616953668,1.0240382923740075,-1.2249423240014816,1,1.2838079915863577e-07,0.9999998716193741
2024-01-03 06:35:00,-0.41277299622516506,2.184591253295011,1.4435829887625782,1,3.025238486987702e-08,0.9999999697474782
2024-01-03 06:40:00,0.5709596920402747,-1.431668702422822,-0.5308653178279481,1,1.2902802843620913e-07,0.999999870971814
2024-01-03 06:45:00,0.7189287789071043,-2.6925637009703856,-0.9412305938629878,1,1.1064960228530387e-11,0.9999999999890861
2024-01-03 06:50:00,-1.0853252301446044,-1.6893106216289007,-0.8905672528636743,1,2.2918370488337933e-06,0.9999977081632893
2024-01-03 06:55:00,0.7830413623796119,0.041160217332967375,-1.7302531763233682,1,1.2814856830732054e-09,0.999999998718522
2024-01-03 07:00:00,-0.5898953725934024,0.4584215271668831,-3.089692703329226,1,3.241512927843593e-14,1.0
2024-01-03 07:05:00,0.6003695216128436,1.2633586793952163,-1.292774503914672,1,2.2088528989907226e-09,0.9999999977908374
2024-01-03 07:10:00,0.4320267652335417,-1.1879462996533416,-0.34518220874223077,1,8.601739806531322e-07,0.9999991398257468
2024-01-03 07:15:00,2.1349118487687133,-1.1879462996533416,-0.2708948152636232,1,3.2269362844923207e-10,0.9999999996771294
2024-01-03 07:20:00,0.18817962736122262,-0.09983291482693145,-0.3515873320553829,1,3.8537823042479677e-05,0.9999614621769964
2024-01-03 07:25:00,-0.5458610064348697,-1.156107524172561,-0.16630094839222195,1,2.592020826868129e-05,0.9999740797915035
2024-01-03 07:30:00,-0.3728179275848232,-2.885302965788037,0.9815747841333554,1,3.749966413241734e-12,0.999999999996362
2024-01-03 07:35:00,-0.6591624611560645,-0.8369492917379903,-0.02664561651885214,1,1.1328292790535334e-05,0.9999886717073885
2024-01-03 07:40:00,0.5699148082563038,0.5465591005209899,-0.756792760135711,1,3.477579241394991e-06,0.9999965224211778
2024-01-03 07:45:00,-1.9416655086557049,-0.12433679421807302,-0.6492459126423333,1,5.145659175476424e-07,0.9999994854344054
2024-01-03 07:50:00,-2.0244564137164276,-0.7240309371972279,0.3422797202697201,1,2.1713125604329557e-08,0.9999999782867237
2024-01-03 07:55:00,-2.066126086803766,-0.5497773123117884,1.5680160969229897,1,3.1478783802750576e-12,0.9999999999972715
2024-01-03 08:00:00,0.32706974455242466,-0.7481200776697577,-0.33866207694354516,1,5.274414850231659e-06,0.9999947255849237
2024-01-03 08:05:00,1.9513540496818278,-1.9674107066067192,-0.10011348639380056,1,1.3418607259939152e-12,0.9999999999990905
2024-01-03 08:10:00,0.27498669839681755,-1.5816915471476174,0.23836256247171947,1,3.8800234107941543e-07,0.9999996119978121
2024-01-03 08:15:00,-0.30465900938849977,0.0005247478827483861,-1.1438324744166932,1,8.633409270141122e-06,0.9999913665905994
2024-01-03 08:20:00,-0.19380214731952206,0.23835723796710637,-0.42919558312487127,1,2.229066544174192e-05,0.999977709334565
2024-01-03 08:25:00,1.1409706407205102,0.12743421447086797,-1.871511087186892,1,1.2222076327539306e-10,0.9999999998781277
2024-01-03 08:30:00,-0.9490742380051354,-1.2860206816050601,-2.64241231126326,1,2.5628361567937307e-08,0.9999999743713491
2024-01-03 08:35:00,-0.18648397587570406,-0.7446450458995306,-0.4926788308247819,1,1.1479095868801423e-05,0.9999885209039727
2024-01-03 08:40:00,0.9206326472466759,-2.9500203234316698,-0.6845574551726481,1,1.1829455629396657e-12,0.9999999999990905
2024-01-03 08:45:00,0.6876107030234043,-0.816719171230792,-0.08867043204178342,1,3.472612231066749e-06,0.9999965273879111
2024-01-03 08:50:00,0.24636433092104282,1.3068819884138863,-0.15535766581997223,1,4.637883417373329e-06,0.9999953621161923
2024-01-03 08:55:00,1.0812999030387023,-1.5005133618896764,-1.2439132213820963,1,7.098966132305407e-10,0.9999999992896846
2024-01-03 09:00:00,-3.083919334464102,-1.2888534341994116,-0.5324309044790648,1,1.3722178673954968e-09,0.9999999986275725
2024-01-03 09:05:00,-0.30302221296647086,-0.13964241282507686,-1.6432078777408403,1,1.603874705787727e-07,0.9999998396124412
2024-01-03 09:10:00,-1.0565106123254755,1.3011583866877137,0.9488980637954186,1,4.5480796232982166e-08,0.9999999545188994
2024-01-03 09:15:00,-2.6850768784898515,-0.28496352054104507,-1.335784609608578,1,2.3446933595714073e-08,0.9999999765532268
2024-01-03 09:20:00,-0.38205236066087095,-1.0503431791186464,-0.7278054908237861,1,6.342392249693381e-06,0.9999936576078785
2024-01-03 09:25:00,1.3369490644068682,-2.7947637835811254,-1.4890817060692443,1,1.3339610223069608e-14,1.0
2024-01-03 09:30:00,0.0513282595340995,-0.8591774532958472,0.080378664668947,1,7.420274177098184e-06,0.999992579725831
2024-01-03 09:35:00,0.9653659977322258,2.0217445850627134,-0.4541759036292075,1,4.8144126442395407e-08,0.9999999518558991
2024-01-03 09:40:00,2.0256221578159006,0.7921362202036374,-0.8232737898041917,1,6.155954839446109e-10,0.9999999993842721
2024-01-03 09:45:00,1.9892252899327483,0.06772580977438976,0.5953669378926182,1,7.048447825365965e-07,0.9999992951554969
2024-01-03 09:50:00,2.3657834763406735,0.2589966398004471,0.10261248074640975,1,4.9368470858305255e-08,0.9999999506317193
2024-01-03 09:55:00,1.408480689106434,-0.07894241667317833,0.49793617998264217,1,4.753324777688969e-06,0.9999952466754815
2024-01-03 10:00:00,0.32655477203019473,-1.1318266402953934,-1.0534164881818793,1,5.913252550295405e-07,0.9999994086749141
2024-01-03 10:05:00,-1.9975737472649162,0.4938153733256811,-1.990933568043678,1,8.153665732887371e-10,0.9999999991841833
2024-01-03 10:10:00,-1.0785023067831447,0.27253629788264744,-0.5865708149532112,1,3.7532259631980915e-06,0.9999962467743392
2024-01-03 10:15:00,-1.5146565851996654,-0.04082095936322302,-0.6402308677768368,1,2.437749669865576e-06,0.9999975622506708
2024-01-03 10:20:00,1.9475735929632874,-1.3130248181445916,0.39747822845260733,1,4.5109806755247426e-09,0.9999999954889063
2024-01-03 10:25:00,0.18869628306270222,1.0092594063217375,-0.0786462034871436,1,4.684031695977345e-05,0.9999531596833643
2024-01-03 10:30:00,0.01756526252476924,0.9479851000790595,0.09621875635431737,1,5.225696637267732e-05,0.9999477430340632
2024-01-03 10:35:00,0.47675952698219115,-0.5151403950188741,-1.8897017185823917,1,6.654769934969964e-08,0.9999999334522749
2024-01-03 10:40:00,0.009093922648497905,0.890669628721174,1.429527543601668,1,7.148865943329781e-06,0.9999928511343533
2024-01-03 10:45:00,1.8374101626419235,-0.4666607706153297,0.1369528713193359,1,1.5606302314759302e-07,0.9999998439370879
2024-01-03 10:50:00,-0.37691902716053227,-1.2113469017241782,0.7099545206430973,1,4.274762879281896e-07,0.9999995725239391
2024-01-03 10:55:00,-0.06700351702408416,-1.4082927449522944,-0.8279026241138284,1,1.094414139132653e-06,0.9999989055856153
2024-01-03 11:00:00,-1.0910765017460993,-2.667388849710656,-0.013805867245890646,1,1.5519668429869303e-09,0.999999998448402
2024-01-03 11:05:00,-2.086771486817654,-0.38419935654723397,-1.565370951238845,1,1.6104463721197077e-07,0.9999998389557861
2024-01-03 11:10:00,-1.5412036515105523,-2.431443012520424,-0.0744493862163535,1,5.654078544485826e-09,0.9999999943456714
2024-01-03 11:15:00,-0.6924213645015547,-2.330495070506884,-0.5279847385523485,1,5.6673545110879107e-08,0.9999999433266582
2024-01-03 11:20:00,-0.9053882547764286,-2.330495070506884,-0.23466067398855026,1,3.136073769197612e-08,0.9999999686397136
2024-01-03 11:25:00,-1.2829300896762834,-1.2372154846963823,0.5989019545085116,1,7.411778728166974e-08,0.999999925882551
2024-01-03 11:30:00,-2.2471958074362037,-0.6930043705023233,-1.3031826195201996,1,6.716145371745462e-07,0.999999328385682
2024-01-03 11:35:00,-0.9591354800135119,-0.7390156214749531,-1.2628388990126396,1,4.726582644481553e-06,0.9999952734172274
2024-01-03 11:40:00,-2.2673590085719284,-1.6022316719017689,0.02217015541176622,1,1.618181917614813e-08,0.9999999838182704
2024-01-03 11:45:00,0.03990965133623216,-2.0150368957740303,2.2369586412916704,1,6.758807434501239e-14,1.0
2024-01-03 11:50:00,-0.0756648729630769,-0.19700415497733081,0.4083451953282869,1,2.6762736269612968e-05,0.9999732372641723
2024-01-03 11:55:00,-1.9460899803135057,-0.8558264011152124,0.6726999267015793,1,5.185888327658821e-08,0.9999999481415229
2024-01-03 12:00:00,-1.1383313213307298,-0.024860690985101828,-0.02624976952661897,1,4.467483310839714e-06,0.999995532516525
2024-01-03 12:05:00,-1.424020863495423,-1.2013100831422077,2.0485494623327503,1,2.5803514499195207e-13,1.0
2024-01-03 12:10:00,-0.23264341009717493,-0.2890376468355459,-1.442059401501457,1,5.989667070140323e-07,0.9999994010333442
2024-01-03 12:15:00,1.3421859017828712,1.3161827815523128,-0.43594056463114617,1,1.7729571352094063e-07,0.999999822704028
2024-01-03 12:20:00,-2.018561500670244,0.9468759104288549,-2.051759177000775,1,1.4233396547314254e-11,0.9999999999854481
2024-01-03 12:25:00,-0.6543615576836513,-0.34875778617391534,-2.051759177000775,1,3.594876226475383e-06,0.999996405124061
2024-01-03 12:30:00,-0.5731058151837777,0.05706572861812611,-0.8327983742779087,1,0.00043229780294191765,0.9995677021968276
2024-01-03 12:35:00,0.442431480087615,-0.4119164453142726,-0.20313328256502924,1,0.0007382921886278594,0.9992617078113816
2024-01-03 12:40:00,0.20096093339556279,-0.2577053289665667,-0.48728562772485,1,0.0008387641280345332,0.9991612358721887
2024-01-03 12:45:00,-1.0220101849420973,-0.6071383361911238,-0.37337880639987975,1,0.0008071158192582334,0.9991928841805179
2024-01-03 12:50:00,-0.8728429859258233,-0.5206100994037026,-0.37337880639987975,1,0.00063324602338087,0.9993667539770118
2024-01-03 12:55:00,-1.3966691181735442,-0.04800899612595485,0.5733338932619316,1,3.835086309202404e-05,0.9999616491364535
2024-01-03 13:00:00,0.677747483936559,-1.336530019873554,0.6318839593763249,1,8.980060041129132e-07,0.9999991019944385
2024-01-03 13:05:00,0.04281847491691439,-1.7498070652216735,-0.6431591542899178,1,2.486176872458815e-07,0.9999997513823782
2024-01-03 13:10:00,2.0932571194530736,-2.3159657362741357,0.027372903633369895,1,6.414309335965841e-15,1.0
2024-01-03 13:15:00,0.36975576283419853,-2.737034970333221,-0.366180068984329,1,4.759515521892663e-11,0.9999999999527063
2024-01-03 13:20:00,-0.9194428059566828,-2.408929665513007,-0.6763104900067312,1,6.950003172281952e-08,0.9999999305000553
2024-01-03 13:25:00,-2.266172562284633,-0.6769527837791293,1.7160229201649635,1,3.7006879361240176e-14,1.0
2024-01-03 13:30:00,-3.0152020595723648,-1.4058827352423868,1.7183353463527622,1,1.7718852901487265e-18,1.0
2024-01-03 13:35:00,-2.9788466300092677,0.04417213933543532,0.5591398302341276,1,6.635002845699779e-13,0.9999999999990905
2024-01-03 13:40:00,-0.7611349996470107,-0.08904000648950304,-2.509819652035166,1,5.035731037727738e-10,0.9999999994961399
2024-01-03 13:45:00,0.19217679823073305,-2.5058757612672697,-1.2642090327719724,1,5.85830646173825e-10,0.9999999994142854
2024-01-03 13:50:00,-2.0131220863512858,-0.11809698906241499,2.52528771852909,1,1.1821101750249595e-15,1.0
2024-01-03 13:55:00,0.2770869802591214,0.7831249052925041,0.39163571312416245,1,4.504923158606384e-05,0.9999549507681206
2024-01-03 14:00:00,-0.6786191769239132,-1.0877878296707792,1.238559724534228,1,1.7812606622611859e-07,0.9999998218736595
2024-01-03 14:05:00,-0.21451096083776922,0.028751796526472233,1.8702501712474746,1,9.669995545798759e-08,0.9999999032997995
2024-01-03 14:10:00,1.6715903724902352,-1.1511131544891444,0.6963707689189574,1,5.204994059931545e-09,0.9999999947949618
2024-01-03 14:15:00,1.384647609319327,-0.3729258584563845,-0.8383655582917876,1,1.6365529515461008e-08,0.9999999836345524
2024-01-03 14:20:00,-0.09061915979919692,-1.7557196502327126,-3.07522307471869,1,1.614487546134378e-12,0.999999999998181
2024-01-03 14:25:00,-1.2754454217968507,-2.7977654830432797,-0.26866318382566284,1,3.6279574483494185e-09,0.9999999963720256
2024-01-03 14:30:00,-1.2754454217968507,-1.437033006568586,-1.0977027568904925,1,4.812709097124497e-06,0.9999951872912184
2024-01-03 14:35:00,-1.9832672698849942,-0.7213980789036889,-0.2417439134320129,1,1.6523480368775348e-06,0.9999983476523093
2024-01-03 14:40:00,-1.0325692356585376,-0.8317575469594028,-1.5746402985189627,1,9.773495150488917e-06,0.9999902265049183
2024-01-03 14:45:00,-1.672452492639682,-1.7978918851653534,-0.8768881622488756,1,2.4926949204512708e-05,0.9999750730508804
2024-01-03 14:50:00,-0.8441115485030631,-1.15733902940823,-0.33428323500781437,1,8.22963862752312e-05,0.9999177036138761
2024-01-03 14:55:00,-0.3475322757350466,-0.17115667268763754,0.09033830847553158,1,0.00011435648932648104,0.9998856435103594
2024-01-03 15:00:00,-0.5582105643938083,-0.2480942391179318,-1.3245185747348283,1,3.834513169217249e-05,0.9999616548678693
2024-01-03 15:05:00,-1.1282117598130845,-0.001366326349592798,0.8281635898349162,1,9.342398586548076e-06,0.9999906576012865
2024-01-03 15:10:00,-0.3233284562264335,-0.9390000938500073,-0.5257812360809538,1,1.5265870162300146e-05,0.999984734129721
2024-01-03 15:15:00,0.24390818073096807,0.9650944156388213,-2.1332538491877164,1,1.9628908501102834e-10,0.9999999998035491
2024-01-03 15:20:00,-1.4125525467107511,-1.2495134910772199,-0.8703234332501544,1,2.7818926763750994e-05,0.9999721810731533
2024-01-03 15:25:00,1.072231432630033,0.06016894095013032,-0.33158221877874794,1,4.6016840315696375e-05,0.9999539831598403
2024-01-03 15:30:00,0.018236644661024492,1.2769158762940764,-0.029255304429104814,1,8.528470163172346e-05,0.999914715298351
2024-01-03 15:35:00,-0.15796964451008608,0.8102047313973813,1.4009328160689583,1,0.00011860773228875055,0.9998813922679466
2024-01-03 15:40:00,0.6109285443204796,-0.14071948218262642,0.04787765727459777,1,0.0001494419777536087,0.9998505580223241
2024-01-03 15:45:00,0.2753743815550972,-0.8125349782659826,-0.22779671766517878,1,8.971156749420894e-05,0.9999102884328661
2024-01-03 15:50:00,1.0328922558529001,0.8421049864102982,-1.4069851600133763,1,1.5316094381122134e-08,0.9999999846841093
2024-01-03 15:55:00,0.466224783121783,-1.5792470576483306,0.3838572192660716,1,6.353651193614409e-08,0.9999999364636116
2024-01-03 16:00:00,-0.7761014008360142,-1.7683331499074724,0.21181936779664226,1,2.1904438889133985e-07,0.999999780955501
2024-01-03 16:05:00,0.01219090057922237,-1.1456933972560341,-0.5135116435010515,1,3.020104261829009e-06,0.9999969798955265
2024-01-03 16:10:00,-1.5456365498476243,0.9813210794657166,-2.3862076701043056,1,1.245470895073263e-11,0.9999999999872671
2024-01-03 16:15:00,-0.5201923387533411,0.6015204141152222,0.7855732986438925,1,1.3976175928820196e-05,0.9999860238243734
2024-01-03 16:20:00,-0.38158005182964894,-1.111636709882116,-1.2417628614878775,1,1.377613434974138e-05,0.9999862238658667
2024-01-03 16:25:00,-0.5484709566710043,-0.8451599170126334,-1.1404975438256042,1,1.8980208700633938e-05,0.999981019791495
2024-01-03 16:30:00,-0.5036753496918245,-1.1259393922454397,-0.05147090468921981,1,1.5186119760837554e-05,0.9999848138802782
2024-01-03 16:35:00,-2.580278715139827,-1.3234460370145604,-1.4581810194019063,1,1.1655241656421346e-06,0.999998834475943
2024-01-03 16:40:00,-1.614103748565947,0.6209645902109612,-2.211238433041495,1,1.3785932777645984e-10,0.9999999998617568
2024-01-03 16:45:00,-0.5594653942740375,-1.584801269548235,-2.211238433041495,1,3.331252694773217e-08,0.9999999666870286
2024-01-03 16:50:00,-0.16319257149624466,1.289941023948334,-0.24702557997709582,1,1.4584417132725484e-06,0.9999985415580971
2024-01-03 16:55:00,-1.459912452238395,1.2262187134777436,-0.7906928787425304,1,7.396696423343989e-09,0.9999999926030796
2024-01-03 17:00:00,0.8849079668332183,1.5187219446308313,2.9173299906160706,1,1.1671839534497857e-06,0.999998832816117
2024-01-03 17:05:00,-0.9529652189583213,-0.23715407359176574,-0.3421233259424036,1,1.2235086606706159e-05,0.9999877649136557
2024-01-03 17:10:00,0.683845372600048,-0.3925353740093938,-1.2386852913885196,1,2.721633898006006e-07,0.999999727836476
2024-01-03 17:15:00,0.5284819579744616,-1.9617143192138116,-1.1107174170281384,1,4.692640587017239e-09,0.9999999953070073
2024-01-03 17:20:00,-0.7977036761868949,-1.3545208315188622,-0.1709737674007873,1,2.610651076854871e-06,0.9999973893488885
2024-01-03 17:25:00,1.6910449617414631,0.03589808733799884,-0.6842857709494902,1,1.9044501722812084e-08,0.9999999809551812
2024-01-03 17:30:00,-1.1014764915729396,1.4051027388450807,0.36854022012252174,1,5.3970803658306444e-08,0.9999999460287669
2024-01-03 17:35:00,0.5793280657901849,-1.0356210330148077,-1.0891834366166353,1,9.98613739915469e-08,0.9999999001383962
2024-01-03 17:40:00,1.1806361792174962,-0.8878494036738722,-1.9757719790401735,1,5.296116702594034e-12,0.999999999994543
2024-01-03 17:45:00,-0.6311350631960225,-0.5893558712724075,-2.706203333037037,1,3.5261030847613197e-10,0.9999999996471161
2024-01-03 17:50:00,1.2846429212693473,-1.976428721711195,-2.706203333037037,1,6.677326690165242e-17,1.0
2024-01-03 17:55:00,-0.09858648095706862,-0.03475724764466517,-1.7062127826381688,1,6.567553783368764e-08,0.9999999343244802
2024-01-03 18:00:00,0.12865204802887886,-1.0129416657741994,-0.9562062453927888,1,1.5406341885495347e-06,0.9999984593653651
2024-01-03 18:05:00,0.16300290003608756,-0.6791988652919342,-1.0996001647024096,1,1.5313978800929932e-06,0.9999984686021792
2024-01-03 18:10:00,-0.2971128105900366,-0.883490219073042,0.9474719546106133,1,7.178330659257501e-07,0.9999992821670124
2024-01-03 18:15:00,0.6914830048263966,-1.3450989271566973,1.5444527581397536,1,3.004719938848064e-09,0.9999999969950295
2024-01-03 18:20:00,0.9674159072885048,-0.5553691902562552,-0.01871238118631113,1,2.104921092156638e-06,0.9999978950785915
2024-01-03 18:25:00,-1.98003018726061,-0.5659177809669553,-2.114298883644617,1,9.65243553323184e-08,0.999999903475332
2024-01-03 18:30:00,0.7749245561196411,-0.7544751823736411,-1.3748642767484023,1,1.9101972066207598e-08,0.999999980897883
2024-01-03 18:35:00,-1.9352132831032889,-1.2341623522324348,-1.1899522041929276,1,1.9838474873722163e-06,0.9999980161520977
2024-01-03 18:40:00,0.464376453434156,-0.13460451758658382,-1.1983722226999816,1,3.524647762796256e-07,0.9999996475353948
2024-01-03 18:45:00,1.2964959075815319,1.7781996618877398,-1.2461415421989146,1,2.201299577397143e-11,0.9999999999781721
2024-01-03 18:50:00,-1.0974525438037863,0.5559594242090915,-1.2111353739221782,1,1.5210973365715647e-07,0.9999998478906607
2024-01-03 18:55:00,-1.0048589896236482,1.2052284937594242,-0.903067471937291,1,5.976361873691878e-08,0.9999999402361954
2024-01-03 19:00:00,-1.8054277890180614,-1.431447687922915,-1.0882337853479278,1,7.870005475715773e-06,0.9999921299941438
2024-01-03 19:05:00,-0.9837362195662607,-0.3857265529572446,-0.20303754689682527,1,1.66858893662418e-05,0.9999833141110358
2024-01-03 19:10:00,-0.848224776560226,-1.5612555040190974,0.23202369468274575,1,1.3934366628575282e-06,0.9999986065632287
2024-01-03 19:15:00,0.48901962555847417,-2.3642683367510156,-1.0543946380552585,1,4.5835366118663944e-10,0.9999999995416147
2024-01-03 19:20:00,1.522754278196851,-1.7300450534570566,0.9918686842133777,1,5.385497401877195e-11,0.9999999999463398
2024-01-03 19:25:00,1.9346463623086718,0.751726726239525,-0.9038280265184373,1,4.914992662335744e-10,0.9999999995088729
2024-01-03 19:30:00,-0.27565114906819727,1.2092569603537107,-2.1834929871571807,1,8.027604080058046e-12,0.9999999999918145
2024-01-03 19:35:00,-0.5180095251607492,0.5076282943454473,-0.3393604190426763,1,9.125564058003882e-06,0.9999908744355541
2024-01-03 19:40:00,-2.3480625142116587,-1.8097824885265128,-1.1218685456991722,1,1.2261747929086555e-06,0.9999987738254518
2024-01-03 19:45:00,-1.8509698063132882,-0.9193074773168746,-0.08718924120920989,1,3.994313370890041e-07,0.9999996005691061
2024-01-03 19:50:00,0.4089539112643626,-0.06129749691688341,-2.81459348678007,1,1.418794258256545e-13,1.0
2024-01-03 19:55:00,1.8626377525070315,0.0464087721560715,0.5991362922255379,1,1.2145525820597977e-06,0.9999987854478704
2024-01-03 20:00:00,-1.0985296050877884,-2.3172686035203136,0.8204120743622029,1,9.366660729800298e-11,0.999999999906322
2024-01-03 20:05:00,-1.2217186848602866,-1.8950471541366611,-1.5354271187720032,1,1.1180399892831964e-06,0.9999988819596975
2024-01-03 20:10:00,-0.5839031005216426,-0.7880245876198062,-2.2179881778083086,1,1.1386613731004998e-07,0.9999998861339983
2024-01-03 20:15:00,-0.027114103480434762,0.2564357972220911,1.0900523466430836,1,1.2980999064859844e-05,0.9999870190009807
2024-01-03 20:20:00,-1.1591357612263962,-2.672314566483382,-0.6038285819411224,1,6.844407451028471e-08,0.9999999315559785
2024-01-03 20:25:00,-0.028147465758422776,-1.1375392840091256,-1.2199118145165995,1,6.656191482277827e-07,0.999999334381067
2024-01-03 20:30:00,-0.7591967407531716,-0.3150110106395901,-3.000994238058256,1,1.3484116754778857e-11,0.9999999999863576
2024-01-03 20:35:00,-0.4308973162559496,0.7701037764546089,-1.4001557854407545,1,7.649369459897405e-08,0.9999999235060415
2024-01-03 20:40:00,0.33602072780754616,0.9096448864228184,-0.7827175143705155,1,4.944514172127019e-06,0.9999950554860703
2024-01-03 20:45:00,-0.07744849572143517,0.8206495925975059,0.45401530285228386,1,3.834152616068791e-05,0.9999616584738775
2024-01-03 20:50:00,-0.7293405066247451,-0.8464365436093048,-1.5323066858973726,1,1.1307983759202584e-05,0.9999886920161754
2024-01-03 20:55:00,-0.5353733650089122,-2.6613073779573333,-2.2633273697608542,1,5.074155017219903e-09,0.9999999949259291
2024-01-03 21:00:00,-0.45185583604388885,-1.4082403517310775,-0.28506840176148496,1,3.210014612163825e-06,0.999996789985439
2024-01-03 21:05:00,-0.7625402898291175,0.6225106082205613,0.927983425721262,1,2.088690456377338e-06,0.9999979113093999
2024-01-03 21:10:00,-0.7231713781598476,1.6966440945054935,-1.5819456822197806,1,2.9715604248397935e-09,0.9999999970286808
2024-01-03 21:15:00,1.5028119525322816,1.2085984449105531,0.622290080418097,1,0.0005542372625741398,0.9994457627370442
2024-01-03 21:20:00,0.9335794572383118,0.7285235461388859,0.11973191191132257,1,0.0006160525323786853,0.9993839474677348
2024-01-03 21:25:00,-0.2580650678019686,0.5255292933145532,1.1442661324101246,1,0.0004919797991251254,0.9995080202005043
2024-01-03 21:30:00,0.5674773668176638,-0.6456715427466697,0.15619053187660545,1,0.00029183569420045184,0.9997081643057341
2024-01-03 21:35:00,-0.4135980583818198,-0.4915019539716553,-2.8738062022449307,1,1.3846502107667868e-09,0.9999999986157491
2024-01-03 21:40:00,1.0884381061272856,1.6894649508312527,-1.1403634237555709,1,3.120055756869435e-10,0.9999999996880433
2024-01-03 21:45:00,0.5812544833040838,-0.7550114432172201,0.7309410067680102,1,2.2737085305775564e-06,0.9999977262912962
2024-01-03 21:50:00,-0.1394440127635957,1.5459946833768203,-0.8858802234748265,1,4.246319822911066e-08,0.9999999575366028
2024-01-03 21:55:00,0.30595914703414,-0.06177712783788199,-0.8070776925164146,1,3.0893348157028404e-06,0.9999969106650013
2024-01-03 22:00:00,-1.9666918810495446,1.4106473406042057,-0.5472854627623049,1,1.7662408540178063e-10,0.999999999823558
2024-01-03 22:05:00,-2.1190856521840216,-1.3895101757281316,-0.5472854627623049,1,3.2195504866054164e-07,0.9999996780452939
2024-01-03 22:10:00,-2.2448591954892727,0.13485762870885232,0.7028066076681738,1,8.093682659570052e-10,0.9999999991905497
2024-01-03 22:15:00,-0.688972275675525,-0.9772207850507367,-0.902826152214411,1,7.751057887055283e-06,0.9999922489423888
2024-01-03 22:20:00,1.6726493658212125,-2.1158993557114867,0.18414313161450618,1,5.002258335207177e-12,0.999999999994543
2024-01-03 22:25:00,2.9757146932675833,-0.5189537215045151,-0.15021927229725926,1,1.6929674718286737e-11,0.9999999999827196
2024-01-03 22:30:00,1.4673953764247774,0.8985989251823217,1.2481312812708243,1,7.923404341820563e-05,0.9999207659562379
2024-01-03 22:35:00,0.8513418718559367,-0.8764465625716373,0.7183070419844925,1,1.2077484380710534e-05,0.9999879225153483
2024-01-03 22:40:00,-2.077465941894407,-2.185037260371582,-0.1552104770335422,1,5.433309677294729e-08,0.999999945666788
2024-01-03 22:45:00,-1.4560466690187739,-0.9079679137005593,-1.1514682297703636,1,4.5589304773182515e-06,0.9999954410699738
2024-01-03 22:50:00,-1.5618051888980409,-0.5196151955488834,0.435203027356623,1,3.8897937871828717e-07,0.9999996110210151
2024-01-03 22:55:00,-1.3945358332344802,0.35123101304164533,-2.0667740277666944,1,3.2509809079759705e-09,0.9999999967494659
2024-01-03 23:00:00,-0.8047076699738374,1.0886084132463345,-0.008795290877799204,1,1.0073542598905667e-06,0.9999989926459947
2024-01-03 23:05:00,-0.9900801744706246,0.1126043628626584,-1.3366698385568019,1,7.460953977510099e-07,0.9999992539044852
2024-01-03 23:10:00,-2.8423667377678647,2.0919055620149622,0.8862481695628786,1,3.742890724136038e-17,1.0
2024-01-03 23:15:00,-0.14707100685604735,0.7501517905525029,0.33688544800997283,1,2.3858045856945304e-05,0.9999761419539295
2024-01-03 23:20:00,-1.50879933572742,-0.329479297441299,0.7103330731120401,1,4.781799930438854e-07,0.9999995218196325
2024-01-03 23:25:00,-0.35335502317609424,-2.154492349267895,0.19569466227667415,1,1.2688505867745485e-08,0.9999999873116395
2024-01-03 23:30:00,2.1805016531007926,-1.1014807528363213,-2.0036631555093214,1,1.0347151595056947e-16,1.0
2024-01-03 23:35:00,-0.6277160011141558,-0.8730568511839373,-1.6694540082249782,1,1.6927220472983959e-06,0.999998307278088
2024-01-03 23:40:00,-0.6277160011141558,0.7340300245482719,0.13994192730658564,1,7.256375429002463e-06,0.9999927436246685
2024-01-03 23:45:00,-1.5439822661157132,0.6254778471310612,0.11896479468817985,1,3.026198738081655e-07,0.9999996973802356
2024-01-03 23:50:00,0.6632982629838353,-1.355190346770219,1.2434596896721586,1,9.288856449606088e-09,0.9999999907113306
2024-01-03 23:55:00,2.347535011007939,-0.34565307818384616,0.713804659078742,1,1.783887121935387e-08,0.999999982161171
2024-01-04 00:00:00,-0.9473394296278725,0.5496134667137369,-0.9723529371659814,1,5.456869186434076e-07,0.9999994543133323
2024-01-04 00:05:00,0.12198006611312,1.8344539907223765,-1.2879718370022804,1,1.3807991550521892e-10,0.9999999998617568
2024-01-04 00:10:00,-0.7039915833070473,1.4599031312444708,-0.3804654602719389,1,9.22155211181859e-08,0.9999999077845174
2024-01-04 00:15:00,-0.5234040423042441,1.1972555572210137,-2.8026621791336015,1,3.5350250305960084e-15,1.0
2024-01-04 00:20:00,2.8092684752855464,0.28698987252827807,0.9159611401812221,1,3.456495920538789e-08,0.9999999654346544
2024-01-04 00:25:00,-1.134751673061731,0.40335917662904164,0.6584441914252542,1,7.40769154213383e-07,0.9999992592304822
2024-01-04 00:30:00,-0.22386452711796873,1.4600985524914007,1.4566345120644715,1,1.2746328149238244e-06,0.9999987253676347
2024-01-04 00:35:00,0.3044457568529018,-1.2868271897394188,-1.4338870667157564,1,5.72681433101934e-08,0.9999999427318488
2024-01-04 00:40:00,1.1997392647509533,-0.9441477851084381,0.8484783516600307,1,1.4444643551875142e-07,0.9999998555531524
2024-01-04 00:45:00,0.2908125840227233,-1.3433984282833968,2.6334298892145145,1,4.83702939950278e-13,0.9999999999990905
2024-01-04 00:50:00,0.2685462500054081,-0.09662457956846268,-0.7913042217243951,1,1.0378335291520322e-05,0.9999896216642942
2024-01-04 00:55:00,-0.5722127774369459,1.287223952567393,0.5137667699658938,1,1.502927449006401e-05,0.9999849707257268
2024-01-04 01:00:00,-0.03676038987820639,-0.4656393444386538,0.046560338752729295,1,3.444869882179571e-05,0.9999655513014816
2024-01-04 01:05:00,-0.6060422522323221,-3.1193328154863114,-1.8165866002179496,1,4.490684342558397e-09,0.9999999955089152
2024-01-04 01:10:00,0.3732241824992953,-1.5683913174016497,-0.10431191743150055,1,1.493784275214135e-06,0.9999985062160947
2024-01-04 01:15:00,-0.5145386355686121,0.46986336455202443,0.7892071077590459,1,3.523883674084958e-05,0.999964761163655
2024-01-04 01:20:00,0.10925204005507479,0.6353909346755323,-0.54218579061726,1,4.6136152446877726e-05,0.9999538638478186
2024-01-04 01:25:00,-0.1880176489783381,0.5551913587185621,1.028310579695319,1,4.4814365895402154e-05,0.9999551856336645
2024-01-04 01:30:00,1.0999970173083664,-0.30914263951001525,-1.658435532063222,1,3.0448411537514816e-09,0.9999999969550117
2024-01-04 01:35:00,0.08282460426955969,-1.753827684956051,-2.2727042484189384,1,3.6921776406139414e-10,0.9999999996307452
2024-01-04 01:40:00,-2.2746134914768796,-0.05821814949906932,-0.6383384353507497,1,4.23677687529097e-08,0.9999999576320997
2024-01-04 01:45:00,0.6359841330962076,-1.15084374834922,-0.2720088804198708,1,5.142150243493955e-07,0.9999994857845608
2024-01-04 01:50:00,-1.074796989192384,2.1027560773923413,-0.9892517863643786,1,1.159095177670133e-11,0.9999999999881766
2024-01-04 01:55:00,-1.2876742898666016,1.1642685576332974,0.4969599728774639,1,4.5028564582696966e-08,0.9999999549718278
2024-01-04 02:00:00,-1.2822731285600961,-0.4831547426201581,0.6321262986969192,1,3.3426036832154577e-07,0.9999996657398346
2024-01-04 02:05:00,1.0678120973670078,-1.013851946289891,1.0374913591543224,1,9.602469719870158e-08,0.9999999039755539
2024-01-04 02:10:00,-2.4114057913235825,-0.5579168373762973,0.06516682291302803,1,5.8878750116095785e-09,0.9999999941119313
2024-01-04 02:15:00,2.8310335826005306,-0.5950309846545875,0.5825044481570151,1,6.113042401620248e-11,0.9999999999390639
2024-01-04 02:20:00,1.922276423819242,1.003163637792111,-0.43087037884785945,1,6.081096751298118e-08,0.9999999391893671
2024-01-04 02:25:00,0.6568853636963667,0.3786564548555437,2.0515458894683767,1,8.023796934062105e-06,0.9999919762034498
2024-01-04 02:30:00,-0.05428141108630653,-0.8979842906088348,-0.399176049197093,1,2.3968118169983362e-05,0.9999760318822369
2024-01-04 02:35:00,0.13820105054687679,1.8301830976817892,2.1184431129973453,1,1.9635752868360476e-05,0.9999803642467379
2024-01-04 02:40:00,0.4767559898291397,0.46408014688088206,0.5656192382501127,1,8.143053425916669e-05,0.9999185694656183
2024-01-04 02:45:00,0.7262482178927123,0.907992597568946,-1.4725522182098463,1,3.377832439778387e-07,0.9999996622164533
2024-01-04 02:50:00,0.6942745913065759,-0.5927598141425323,0.9745734474417761,1,6.473012774614739e-05,0.9999352698719762
2024-01-04 02:55:00,0.1291569812784332,0.10953808931633781,0.3239208760792825,1,0.0001800226198645695,0.9998199773796878
2024-01-04 03:00:00,-0.382401367716756,0.2585213706587475,0.937209382917784,1,0.00011836447704470682,0.9998816355225871
2024-01-04 03:05:00,-0.4809567414779449,-2.308043858331555,1.5367204524101388,1,4.744062597832615e-10,0.9999999995252438
2024-01-04 03:10:00,-0.5625386264622868,1.5552846380351617,0.7289647162779807,1,0.0002263286137758847,0.999773671386078
2024-01-04 03:15:00,0.9968431975685802,1.8544893880710007,-0.5503526474152052,1,0.00232942637524947,0.9976705736250434
2024-01-04 03:20:00,0.8206942245493907,-0.05841657994356778,0.8138204853864178,0,0.4724427200949603,0.5275572799049796
2024-01-04 03:25:00,-1.3417429660897444,-0.6841545248806042,0.13567597624165206,0,0.5741035042034595,0.4258964957960921
2024-01-04 03:30:00,-0.2725732231019312,-0.18067233331729016,0.24064644031941274,0,0.8775714823459567,0.12242851765366258
2024-01-04 03:35:00,-0.16860312352235507,-0.1503385207556072,-0.991190348769919,0,0.9280742709609022,0.07192572903872069
2024-01-04 03:40:00,-0.23607484519193717,-0.010483740368987454,-0.1981124259478734,0,0.9877818039996896,0.012218195999940458
2024-01-04 03:45:00,-0.4295372020766046,-0.04330894470444239,-0.44135819412389293,0,0.9972535001466698,0.0027464998533787356
2024-01-04 03:50:00,0.23679172651960526,0.09928420973235492,0.51058841264425,0,0.9995357290046853,0.0004642709952203777
2024-01-04 03:55:00,0.35560267483814745,0.5917995960425908,0.3396829880007062,0,0.9997631813056392,0.0002368186939356803
2024-01-04 04:00:00,-0.425967485888689,0.3253732098280039,0.12043107455558978,0,0.9997358561734447,0.00026414382656111826
2024-01-04 04:05:00,-0.09471002712150484,-0.5192624487337105,0.16746502904249824,0,0.999513899255432,0.0004861007446726151
2024-01-04 04:10:00,-0.6496186249026856,0.3753096745606227,-0.477599069868902,0,0.9985690025066131,0.0014309974931570413
2024-01-04 04:15:00,-1.0075036154561097,0.7787456331646503,0.5008684733079231,0,0.9971119693051431,0.00288803069454683
2024-01-04 04:20:00,-0.7527572656562564,1.6202211537409512,0.9614699548113197,0,0.9968966287707591,0.0031033712288568672
2024-01-04 04:25:00,0.036819203789540546,-0.15346070367728154,0.3897719306344183,0,0.9994305260150814,0.0005694739846494217
2024-01-04 04:30:00,0.32006733140756827,-0.03397047482418097,0.7551619802733671,0,0.9997902535188699,0.00020974648081688657
2024-01-04 04:35:00,0.198333782046791,-1.098486341474977,-0.09530475036119154,0,0.9998364872363772,0.00016351276345529986
2024-01-04 04:40:00,0.26601725306502494,-0.16402607133634448,-0.44918911424172847,0,0.9999383131217254,6.16868781334583e-05
2024-01-04 04:45:00,0.18981832948337665,-0.40330233503657725,-0.17874287755724713,0,0.9999767959016114,2.320409869852276e-05
2024-01-04 04:50:00,-0.3819261776947961,0.7010826535455172,0.0810027680706521,0,0.9999833723677486,1.6627632401877517e-05
2024-01-04 04:55:00,-0.03851483292604901,-0.24503259891602885,-0.2078010041258529,0,0.9999798165644803,2.0183435718368856e-05
2024-01-04 05:00:00,0.24332353640547652,-0.959833059360103,0.12395980720722403,0,0.9999334139261586,6.658607392103748e-05
2024-01-04 05:05:00,0.3089973078293667,-0.5931375852739731,0.12322161771498669,0,0.9999041348088694,9.586519087319162e-05
2024-01-04 05:10:00,0.5390490311143141,-1.1939519055113834,-0.45588358615009866,0,0.9998163547089562,0.00018364529083026644
2024-01-04 05:15:00,0.3820119561168492,-0.07703052341070234,0.04980574038480326,0,0.9998935714689139,0.00010642853080193107
2024-01-04 05:20:00,0.1678567674706482,-1.07544670732364,0.3581487375365105,0,0.9998758332335448,0.00012416676628720607
2024-01-04 05:25:00,0.4494152789758178,-0.3782566256519782,0.1449571567518139,0,0.999908949632159,9.105036761972809e-05
2024-01-04 05:30:00,0.014078581812253107,-1.1656597879765325,0.5214409008573918,0,0.999892774168259,0.000107225831352087
2024-01-04 05:35:00,-0.521260991629308,-0.564647653123727,-0.4195646359375793,0,0.9999705919894543,2.9408010622368765e-05
2024-01-04 05:40:00,-0.3360074162565373,0.5507357529161852,0.05258315988805575,0,0.9999894628881886,1.053711162910911e-05
2024-01-04 05:45:00,-0.5547507540389903,0.27965114191866147,-0.5333872221201582,0,0.9999922486659045,7.751333736429855e-06
2024-01-04 05:50:00,-0.584015256908746,-0.3795670131832155,-0.6812070108052032,0,0.9999956490941323,4.350905651284738e-06
2024-01-04 05:55:00,-0.3366522312130622,-0.1792206149298639,-0.5071941397497745,0,0.9999971625178898,2.8374817060124025e-06
2024-01-04 06:00:00,-0.5682642247185015,-0.092658199807455,-0.5908193813733255,0,0.999996734697435,3.265302247000743e-06
2024-01-04 06:05:00,-0.4036351826815418,0.15217296284053172,-0.4372737413881416,0,0.9999962421041014,3.7578959584929846e-06
2024-01-04 06:10:00,-1.1072077307660484,-0.6443208822642051,-0.23942982886834957,0,0.9999936853991322,6.314601175523509e-06
2024-01-04 06:15:00,-0.310547650857412,0.04979348056273528,0.29163538633394176,0,0.9999944574445986,5.542555367392444e-06
2024-01-04 06:20:00,-0.16956546542430723,-1.3036464747342136,-0.06265332360154192,0,0.9999813613721805,1.8638627591431914e-05
2024-01-04 06:25:00,-0.514338706086781,-0.7219970516816114,-0.7298843719801281,0,0.999991213099244,8.78690055361883e-06
2024-01-04 06:30:00,0.08928982387677317,-0.47719427332542574,0.2883073312965249,0,0.9999960923500063,3.907649782828547e-06
2024-01-04 06:35:00,0.4062019154263632,0.13166831265102463,-0.2849852619698781,0,0.9999968045236652,3.1954764542957357e-06
2024-01-04 06:40:00,-0.7091850159887987,0.027582176293261342,-0.10696911747932354,0,0.9999960333203946,3.966679892339293e-06
2024-01-04 06:45:00,-0.6378530616240194,-0.6783819104462636,0.17465229684679634,0,0.9999927798686795,7.220131585325191e-06
2024-01-04 06:50:00,-0.6164010993591954,-0.6874661322465367,0.15193934899328163,0,0.9999904853300624,9.514669623396916e-06
2024-01-04 06:55:00,-0.6882755135633568,-0.12530938426198465,0.546945418253286,0,0.999987160291887,1.2839707738593512e-05
2024-01-04 07:00:00,0.13695220466545494,-0.08538626602942419,0.3940364672557943,0,0.9999868733345728,1.3126665617445438e-05
2024-01-04 07:05:00,-0.1002990829017601,-0.30764368276215914,-0.24660217734641515,0,0.9999457100915659,5.4289908861256276e-05
2024-01-04 07:10:00,-0.20206795717981382,-0.324573280434245,0.9196666301152822,0,0.9997197568662236,0.0002802431341603495
2024-01-04 07:15:00,-1.0588446838036438,0.23206356076564566,0.38764416453668077,0,0.9994755834756727,0.0005244165247789194
2024-01-04 07:20:00,-0.05429937650345662,-0.17395872016738514,0.07858788867442884,0,0.9993748102164363,0.000625189783164381
2024-01-04 07:25:00,-0.6437095928369626,-0.08877400002517476,0.48432098923724803,0,0.998492099400319,0.0015079005995937277
2024-01-04 07:30:00,-0.19793789590736355,1.0115637537711657,0.29035082224666425,0,0.9967076882167576,0.0032923117836565767
2024-01-04 07:35:00,0.04258816943679634,-0.36080737059545864,0.3018596644597554,0,0.9920957895701824,0.007904210430243763
2024-01-04 07:40:00,0.6343904999365377,-0.9726301238431567,1.2415208241623916,0,0.9679644976070173,0.032035502393135226
2024-01-04 07:45:00,-0.4578216461470281,0.09772566347384616,0.29232390301010197,0,0.9674995796783662,0.03250042032121191
2024-01-04 07:50:00,-1.5980676657995527,-0.2720610369473855,-0.00853837847714353,0,0.9643710560643033,0.03562894393559444
2024-01-04 07:55:00,-0.4095969929813828,-0.20884671319441697,0.0977957292283911,0,0.9640983593763998,0.03590164062404243
2024-01-04 08:00:00,0.720915817144935,-0.40649071224422606,0.5584355448341831,0,0.9610992368842688,0.03890076311539011
2024-01-04 08:05:00,0.7954158301044837,-0.21524463861098259,-0.45007435791137396,0,0.9546316786849989,0.045368321314751596
2024-01-04 08:10:00,0.33009199735368977,0.7272145372979196,-0.954405149899983,0,0.9507774644848593,0.049222535515492986
2024-01-04 08:15:00,-0.14078563362544608,0.6350656629074327,-0.488114856686827,0,0.9511299719913101,0.04887002800828071
2024-01-04 08:20:00,0.340339736180943,0.6390407424509095,-0.8121129914828049,0,0.9511915700910347,0.04880842990926699
2024-01-04 08:25:00,-0.36127159303025613,-0.43804595873086133,-0.36723957188844697,0,0.9531861714523725,0.046813828547412055
2024-01-04 08:30:00,0.1227029577984696,-0.6322673320312703,0.18265170897672953,0,0.9531902729757497,0.04680972702401231
2024-01-04 08:35:00,0.28488915203254705,-1.488543130768118,-0.2707521895354457,0,0.9520822978265845,0.047917702173726276
2024-01-04 08:40:00,0.6011693197952217,-0.7790114096008698,-0.6429121808046743,0,0.9539066250528185,0.04609337494733265
2024-01-04 08:45:00,1.5095003212679292,0.2751486009786604,-0.08447516509805045,0,0.9629107366294313,0.03708926337015758
2024-01-04 08:50:00,0.6563589175318653,0.3857813282313128,0.4396758551734692,0,0.9955607845170479,0.004439215483346767
2024-01-04 08:55:00,-0.026268354851410533,0.07158815465389967,-0.5406245238348287,0,0.9982995512269619,0.0017004487729043252
2024-01-04 09:00:00,0.00254634410851458,0.0749768121336173,0.2897850010299117,0,0.9992356727725131,0.0007643272275076271
2024-01-04 09:05:00,-0.8170360606766417,-0.2372771602761779,0.5405137266884756,0,0.9993092011727782,0.0006907988273188724
2024-01-04 09:10:00,-0.5475189878340667,0.09627790936161482,0.6796359700685459,0,0.9994068368159951,0.0005931631838266963
2024-01-04 09:15:00,-0.32745193239455395,0.4657557279454527,0.8421833134495645,0,0.999440177370669,0.0005598226296826946
2024-01-04 09:20:00,-0.31306136517872113,-0.550714326831275,1.3324388503616618,0,0.9993826781916353,0.0006173218082421238
2024-01-04 09:25:00,0.01691098294928782,0.056575954412302114,0.341707155154301,0,0.9999237837543185,7.621624592900626e-05
2024-01-04 09:30:00,-0.3457785864055879,0.5421886404845924,0.25504863979759484,0,0.999982843905684,1.715609432968377e-05
2024-01-04 09:35:00,0.475206188744831,0.05141571131486764,-0.0025983144604193008,0,0.9999963153354328,3.6846648022564816e-06
2024-01-04 09:40:00,0.19018112529042178,0.43685295287149273,0.1095994515362035,0,0.9999985391051935,1.4608950594326268e-06
2024-01-04 09:45:00,0.10325269174163029,1.5588873893394335,0.8288319472482555,0,0.9999960530809078,3.94691950092508e-06
2024-01-04 09:50:00,-0.07162611657628555,0.5132081391081907,-0.23580484860139728,0,0.9999973925102839,2.607489355352343e-06
2024-01-04 09:55:00,0.10936820925045652,0.4387923270058182,-0.33647397002074075,0,0.9999976906528281,2.309347120724707e-06
2024-01-04 10:00:00,0.4862053271695257,-0.1173920517085776,0.6343152216044478,0,0.9999986235070916,1.376492711985763e-06
2024-01-04 10:05:00,-0.20452222423979494,0.15516422233863383,0.769203679474229,0,0.9999982799623708,1.7200380689045504e-06
2024-01-04 10:10:00,-0.308965816584167,0.3724552061254776,0.1957940220559798,0,0.9999986650000026,1.335000209930904e-06
2024-01-04 10:15:00,-0.1682054537937784,0.31476488237313516,0.5696084856798449,0,0.9999981279260525,1.8720741234839358e-06
2024-01-04 10:20:00,-0.6197821332989483,-0.27587690223674327,0.45582188084909514,0,0.9999935002872237,6.499713174465681e-06
2024-01-04 10:25:00,-0.5010422385315463,0.13192845926786875,0.9414479475726111,0,0.9999898798408186,1.0120159404830721e-05
2024-01-04 10:30:00,-0.2987404113560354,0.8534004861155037,0.45426463935629896,0,0.9999956502764703,4.349723554191113e-06
2024-01-04 10:35:00,0.4090626026061321,0.5918934884604248,0.735148075779466,0,0.9999991776188579,8.223810411043536e-07
2024-01-04 10:40:00,0.33278318137154983,0.7601814920428932,1.5431052623431953,0,0.9999981296513607,1.8703482725657978e-06
2024-01-04 10:45:00,0.28012470553647667,0.24470794570079066,0.8769748036895388,0,0.9999991875241566,8.124756612082748e-07
2024-01-04 10:50:00,0.5808582548413933,0.5615630393165135,0.4353366167191396,0,0.999999560873317,4.3912691355839627e-07
2024-01-04 10:55:00,0.20296236396179657,0.43635033683616226,0.6059152591530534,0,0.9999994805922582,5.194081082020543e-07
2024-01-04 11:00:00,0.3443899221098059,-0.18197150494019845,0.174956378167761,0,0.9999988347005878,1.1652994376975262e-06
2024-01-04 11:05:00,0.15453016397566718,0.23811591288072784,1.276317153134587,0,0.9999971427582642,2.857241623465169e-06
2024-01-04 11:10:00,0.2764335121985363,-0.2546033128403998,0.6250835220106471,0,0.9999980454941579,1.9545054713147245e-06
2024-01-04 11:15:00,-0.08828549022190099,-0.2290229720273286,0.2306189565266005,0,0.9999979615124943,2.0384874179675027e-06
2024-01-04 11:20:00,-1.0795975708860681,0.17197817033249396,-0.13575556421782228,0,0.9999930757570458,6.924242506879076e-06
2024-01-04 11:25:00,-0.27502527738751426,0.34659457575053065,0.6191720729479443,0,0.9999969976915558,3.0023082806145334e-06
2024-01-04 11:30:00,0.7118830779845311,-0.3034204089179571,0.745984112550434,0,0.9999970303332232,2.969667178630913e-06
2024-01-04 11:35:00,0.7743104622687572,0.5693286395615258,0.1784574619819743,0,0.9999987586132622,1.2413867688944553e-06
2024-01-04 11:40:00,0.8148339534937441,0.6054986714820277,0.4899451927557999,0,0.999998548367474,1.451632668890937e-06
2024-01-04 11:45:00,0.9591948700086685,0.013495601142354628,-0.3434511239107679,0,0.9999885870707739,1.141292926563604e-05
2024-01-04 11:50:00,0.45847557805198547,-0.5562899474198463,0.1646236693524147,0,0.9999936507621553,6.349237824851496e-06
2024-01-04 11:55:00,0.36318274046225346,-0.06314658274096932,0.4393687539408682,0,0.9999977767954236,2.223204887570505e-06
2024-01-04 12:00:00,-0.05088685832738821,-0.054982011028465116,1.0841465546394282,0,0.9999951448525818,4.855147047733462e-06
2024-01-04 12:05:00,-0.028195923920664362,0.2159127178953619,0.17542638963712442,0,0.9999969054308755,3.0945688530085457e-06
2024-01-04 12:10:00,0.42604712303657855,0.07424235467046064,-0.32060009693950103,0,0.999986211405961,1.378859448114719e-05
2024-01-04 12:15:00,0.8458575710642374,-0.745582361395886,-0.2957422809787952,0,0.999956089737699,4.3910262626140187e-05
2024-01-04 12:20:00,0.33438401203854073,-0.2199847674768008,-0.48208905910899796,0,0.9999809259025054,1.9074097624215912e-05
2024-01-04 12:25:00,0.03588538618198376,-0.019943988880854465,0.656971356936397,0,0.9999955816162878,4.418383333816873e-06
2024-01-04 12:30:00,0.16435992081259332,0.48895870649911094,1.096127895434536,0,0.9999973499915183,2.6500086339786825e-06
2024-01-04 12:35:00,0.49243131829016523,0.012612048099382461,0.6830032595151498,0,0.9999945833143375,5.416685537389531e-06
2024-01-04 12:40:00,-0.38116438684326237,1.0008962262211205,0.9637884435851212,0,0.9999677759377603,3.222406257400165e-05
2024-01-04 12:45:00,-1.046538202101117,-0.40352285637653607,0.5660660052141965,0,0.9999510298697696,4.897013055871865e-05
2024-01-04 12:50:00,-0.4106771115718077,0.7078288499497348,0.3475123350442835,0,0.9999821916675045,1.780833254668316e-05
2024-01-04 12:55:00,-0.5363605655575129,0.31557390914569466,0.178760223887143,0,0.9999936450687547,6.354930828334251e-06
2024-01-04 13:00:00,-0.2311833559218797,0.7154278596228036,0.1411439762792856,0,0.9999966624537809,3.337546201965137e-06
2024-01-04 13:05:00,0.03530959518505141,0.4683884223350985,-0.4190203863374298,0,0.9999966646747596,3.3353250108230487e-06
2024-01-04 13:10:00,-0.027283891843235753,0.9003452725440989,0.2238791834652077,0,0.9999981420923156,1.8579072379438703e-06
2024-01-04 13:15:00,0.8657370086810517,0.3083387995605942,0.28383659136387324,0,0.9999989120266498,1.0879731952632077e-06
2024-01-04 13:20:00,0.5999867539483433,-0.2037360952327421,0.6550940922455379,0,0.9999986754255265,1.3245746699023587e-06
2024-01-04 13:25:00,0.5108477934298489,0.8413431687506515,0.47871265496865356,0,0.9999994850469609,5.149529638260988e-07
2024-01-04 13:30:00,0.6406276603593731,0.42991914019531263,0.31445127011312346,0,0.9999994380115582,5.619888547513908e-07
2024-01-04 13:35:00,-0.15702801039044195,0.4686030918906584,-0.04784832518983937,0,0.9999989669746234,1.0330253084196898e-06
2024-01-04 13:40:00,0.6452788853546264,0.9641787905182594,0.2670326125339363,0,0.9999991525841276,8.474156919264464e-07
2024-01-04 13:45:00,0.3574863681377483,0.04014582480130312,0.6614299997345529,0,0.9999992161259231,7.838740303168087e-07
2024-01-04 13:50:00,0.6300867179714756,0.5384374024356391,-0.056378754361241616,0,0.999998703519781,1.2964804308261563e-06
2024-01-04 13:55:00,-0.11580509402552942,0.1284260445603637,0.2800374390697221,0,0.9999990708924766,9.291072887612022e-07
2024-01-04 14:00:00,-0.5662412872701696,0.2257620294266619,0.44878572219912466,0,0.9999978822711142,2.117728640265827e-06
2024-01-04 14:05:00,0.4325934743945701,0.3550941841049091,0.07819982431327688,0,0.9999989465701311,1.0534296649496247e-06
2024-01-04 14:10:00,0.5248490505561415,-0.34933403567647053,0.027997777325951854,0,0.9999979508586951,2.049140903321465e-06
2024-01-04 14:15:00,-0.05395972782170976,-0.21518750680125098,0.38082147206068634,0,0.9999984671478994,1.532852363809518e-06
2024-01-04 14:20:00,-0.20904642506688398,0.8390326543354323,-0.11867429801005072,0,0.9999970945006144,2.905498950125599e-06
2024-01-04 14:25:00,0.6988457439550664,0.9377588150938561,0.39584569093626576,0,0.9999991439293834,8.560710463940773e-07
2024-01-04 14:30:00,-0.1294430998181184,0.5201493327272414,-0.002186113047312027,0,0.9999989163212791,1.0836789666776308e-06
2024-01-04 14:35:00,0.9755819002771476,0.5430829033039067,0.754525695024904,0,0.9999990041365392,9.958630585441112e-07
2024-01-04 14:40:00,0.09750443565742499,0.2980212753895486,1.5529906135594307,0,0.9999927693468114,7.230653611709267e-06
2024-01-04 14:45:00,0.5710280949824116,1.0111005366266015,0.3691174072427139,0,0.9999986140456313,1.385954533032062e-06
2024-01-04 14:50:00,0.2551061541116958,0.4891837007189325,0.6389134322041765,0,0.9999994660076088,5.339923147852554e-07
2024-01-04 14:55:00,0.6077471720751939,0.5408308820120469,0.16047607234344016,0,0.9999993122157866,6.877838653146435e-07
2024-01-04 15:00:00,0.1695937797012232,0.9933065246593733,0.8081124773697885,0,0.9999992279375216,7.720623101900455e-07
2024-01-04 15:05:00,0.2230823114304947,0.2192800470019652,-0.023079822999589373,0,0.9999992483884039,7.516113701496398e-07
2024-01-04 15:10:00,0.3393756050719029,1.0989371284710987,0.5089862692408655,0,0.999999235315337,7.646842148273625e-07
2024-01-04 15:15:00,-0.11999977190985463,-0.1002594071327827,0.06792585575680582,0,0.9999992043807179,7.956194036422218e-07
2024-01-04 15:20:00,0.5764057114271416,1.0428988278785793,0.23550533487411726,0,0.9999989814146559,1.0185849271508626e-06
2024-01-04 15:25:00,0.19048739962545957,0.43862270257119756,-0.07876904509364774,0,0.9999990197507288,9.80249474170215e-07
2024-01-04 15:30:00,0.21353425646843702,0.3221262544793311,0.65632281476797,0,0.9999990387264078,9.612735372528794e-07
2024-01-04 15:35:00,-0.14156515979869203,-0.4915564618845122,0.13982680533122913,0,0.9999952452875991,4.754712674364927e-06
2024-01-04 15:40:00,-0.9926313544746853,-0.0513945656996995,0.6071515085984835,0,0.9999814435371323,1.8556463191195963e-05
2024-01-04 15:45:00,-0.11414891791647504,-0.193900929842251,0.35068458492562815,0,0.9999935924530029,6.4075467004804325e-06
2024-01-04 15:50:00,1.3939815464908907,-0.028446973628625576,0.37905066717335456,0,0.9999912061043817,8.793895379735272e-06
2024-01-04 15:55:00,1.0732622173067545,0.2475134373529287,0.5074049206410409,0,0.9999976814114738,2.3185882315986934e-06
2024-01-04 16:00:00,0.5968587904201077,0.8531470347145514,0.14321874075324353,0,0.9999988709902943,1.1290096063497158e-06
2024-01-04 16:05:00,0.3408819130715053,0.6818876570254245,0.4703965921309476,0,0.9999994967021296,5.032975979292301e-07
2024-01-04 16:10:00,0.40326551250390347,0.6811036934899892,1.1600649288243123,0,0.9999993457188205,6.542807633114841e-07
2024-01-04 16:15:00,0.6752589962369431,0.01799451452523533,0.34049369974136207,0,0.9999989112281144,1.0887721019311634e-06
2024-01-04 16:20:00,-0.06394582179691304,-0.0759103308432972,0.9670411176883804,0,0.9999974742545483,2.5257455974598363e-06
2024-01-04 16:25:00,0.8117748651538723,1.170725873084254,1.3034152672754287,0,0.9999994282927034,5.717072014565114e-07
2024-01-04 16:30:00,0.887380092042494,0.3451860891838748,0.37525904918893643,0,0.9999982535479619,1.7464515921056903e-06
2024-01-04 16:35:00,0.914511276074974,1.235610768349376,-0.18517732120103714,0,0.9999904134979474,9.58650206908992e-06
2024-01-04 16:40:00,0.7923912790745596,0.6044223935533682,0.433096664015881,0,0.9999987497666182,1.250233158016717e-06
2024-01-04 16:45:00,0.5591466333821759,0.5346092076654306,0.24273640761020385,0,0.9999994085803267,5.914193587188568e-07
2024-01-04 16:50:00,0.8037667802390812,1.0236842005263826,1.2658945642088106,0,0.9999996693759932,3.306239484726372e-07
2024-01-04 16:55:00,0.8416202275282171,1.2691516913536691,0.7580204989245477,0,0.9999995874914871,4.1250875604451806e-07
2024-01-04 17:00:00,0.40508464952650614,0.689643226730873,0.23532809695063703,0,0.9999994075462318,5.924536683500894e-07
2024-01-04 17:05:00,0.17254493082122305,0.3872171654849802,-0.07239464800057006,0,0.999999196287131,8.03713070089406e-07
2024-01-04 17:10:00,0.42796842766528087,0.45731122029749915,0.8357584481951187,0,0.9999994915462067,5.084533421257908e-07
2024-01-04 17:15:00,1.1977468813154224,0.6683761530789237,0.3703968283914542,0,0.9999988971291429,1.1028708472859044e-06
2024-01-04 17:20:00,0.10235353172169656,0.9974176678272653,0.5079476006668845,0,0.9999986034445758,1.3965555767290702e-06
2024-01-04 17:25:00,-0.33206678851423777,0.6782133003395445,0.9587939993634731,0,0.9999966151329306,3.384867313442368e-06
2024-01-04 17:30:00,0.3190288086626493,0.8772725451546602,0.45480183459247564,0,0.9999990610517531,9.38947822334431e-07
2024-01-04 17:35:00,0.463172727339162,1.4239413845021731,0.5019762635643839,0,0.9999986580523819,1.3419472893278182e-06
2024-01-04 17:40:00,0.5679170103992787,0.9944304769057574,0.5321318140080443,0,0.999999362414404,6.375854142322947e-07
2024-01-04 17:45:00,0.6361218126041348,0.8356153386453176,0.8561877738123455,0,0.9999984933458544,1.506653756418639e-06
2024-01-04 17:50:00,0.4369458533533458,-0.07773648219571505,0.9150316297982969,0,0.999980419599319,1.958040041179673e-05
2024-01-04 17:55:00,1.1971322107586622,-0.8763254803041488,0.5740150001161659,0,0.9999040547991996,9.594520076036381e-05
2024-01-04 18:00:00,-0.045444148684238794,0.3200959991997305,0.6011571815666613,0,0.9999872946416378,1.2705358135453374e-05
2024-01-04 18:05:00,-0.046804320896282274,0.45278851333139397,0.41804303499511614,0,0.999997813469807,2.186529870748122e-06
2024-01-04 18:10:00,0.30171122034091774,0.29637744365849517,-0.12709737035551863,0,0.9999985872019327,1.4127984566961488e-06
2024-01-04 18:15:00,-0.3248955298889547,0.6124555732417057,0.4860432769264528,0,0.9999980313815563,1.9686181302014816e-06
2024-01-04 18:20:00,0.1898916038885943,0.5661266717953157,1.4017983837768624,0,0.9999974297103398,2.570290107130747e-06
2024-01-04 18:25:00,1.2235162062815328,1.1192509113076414,0.44159226502094723,0,0.9999986933725619,1.3066272129331035e-06
2024-01-04 18:30:00,0.754450258024067,0.7938986441680729,0.20580015344966518,0,0.9999990454775806,9.545226030954924e-07
2024-01-04 18:35:00,0.7168869332911265,0.3040239543327092,0.09440740334206599,0,0.9999989334552314,1.066544892873882e-06
2024-01-04 18:40:00,-0.0021466129892482415,0.9846009471403538,0.7752904792286583,0,0.9999987757908674,1.2242094392508256e-06
2024-01-04 18:45:00,0.09223508547812241,0.6188757038134772,0.8593438824256013,0,0.9999992093065373,7.906936694033364e-07
2024-01-04 18:50:00,0.23865470306734266,0.8652088492094845,0.616784859187648,0,0.9999994274277744,5.725721977149212e-07
2024-01-04 18:55:00,0.3131013187713762,0.4657225182149025,0.20825743276166686,0,0.9999993965468095,6.03452851805326e-07
2024-01-04 19:00:00,1.1011565891300907,0.2671440227617976,0.5391689946699253,0,0.9999987203354069,1.2796643773706011e-06
2024-01-04 19:05:00,0.9954892783939661,0.5590304518882157,-0.09754125275041522,0,0.9999969681712658,3.031828869278541e-06
2024-01-04 19:10:00,0.17101518483359496,0.6158358252003269,0.47601512688703285,0,0.999999258116352,7.418832807718398e-07
2024-01-04 19:15:00,0.5742913397806964,0.8576178909390099,0.9756685568746379,0,0.9999993613884947,6.38611681087892e-07
2024-01-04 19:20:00,0.8184106883963457,0.5780172364081839,0.18190341304329266,0,0.999995602062548,4.397937504216507e-06
2024-01-04 19:25:00,1.2008437060034713,-0.24681896096515066,-0.17876216569264228,0,0.9999731340001844,2.686599992372332e-05
2024-01-04 19:30:00,1.528674276118235,0.174985163723792,1.103642682389434,0,0.9999889270206099,1.1072979166375555e-05
2024-01-04 19:35:00,0.39248107206759986,0.8867783380420722,0.5141688074793787,0,0.999998440472461,1.5595274541884006e-06
2024-01-04 19:40:00,0.15211998518327455,0.5855215745026048,1.1195808783356278,0,0.9999987489817252,1.2510185276717553e-06
2024-01-04 19:45:00,-0.12988184131495106,0.5224442012496278,0.7288984541552296,0,0.9999988815449685,1.1184552631884678e-06
2024-01-04 19:50:00,0.27668459115778304,1.0917001155654462,0.6110561740241071,0,0.9999992254891638,7.745110206778621e-07
2024-01-04 19:55:00,0.7357224066052752,0.45951977577243464,0.8463320866770079,0,0.9999994055517111,5.944480185524858e-07
2024-01-04 20:00:00,1.1249588438519458,-0.12135721664371983,0.3301314487424802,0,0.9999970540755121,2.945924922886608e-06
2024-01-04 20:05:00,0.7378446701575502,0.3634714484644717,0.6314612449232804,0,0.9999993705107206,6.294894436405721e-07
2024-01-04 20:10:00,0.5085277103127066,0.35846111309185275,0.49557232298008164,0,0.9999995281515316,4.718484860186224e-07
2024-01-04 20:15:00,0.6677167335579485,0.13125925008504427,0.03899258846757817,0,0.999998967620364,1.0323796844383597e-06
2024-01-04 20:20:00,0.2480101853031645,0.44155108845391,0.6442593255673766,0,0.9999994414221615,5.585779771102185e-07
2024-01-04 20:25:00,1.5197620179390707,0.8542470075567855,0.5608438606647997,0,0.9999988309552931,1.169045098657857e-06
2024-01-04 20:30:00,0.1414952635723406,0.7434714336145372,0.5861240052963268,0,0.999999329681711,6.703180957095606e-07
2024-01-04 20:35:00,0.5857834596747971,0.8634417216124178,0.12700083302058998,0,0.999999095454268,9.045461785140489e-07
2024-01-04 20:40:00,1.5989931963182773,1.6174971091777492,1.2414561008559832,0,0.9999996795932533,3.2040688420810797e-07
2024-01-04 20:45:00,0.9444116781558264,0.8234148556374434,1.2600081801867475,0,0.9999996854076512,3.1459272034415974e-07
2024-01-04 20:50:00,0.6572926048714071,0.8831294292231598,1.307476821858021,0,0.9999995765902882,4.234097867266673e-07
2024-01-04 20:55:00,0.4944463129949461,0.5303563671838016,0.7584836450086541,0,0.9999995891240294,4.1087586001208245e-07
2024-01-04 21:00:00,0.5331278868998554,0.2676091337549056,-0.03818162637887562,0,0.9999989138538227,1.086146166359655e-06
2024-01-04 21:05:00,1.2884632353413636,0.3159709151695422,1.3676638596837574,0,0.9999983300099604,1.6699899743389527e-06
2024-01-04 21:10:00,-0.19109110581080013,0.38395693001535297,0.8942320457790818,0,0.9999978039656082,2.1960343154035247e-06
2024-01-04 21:15:00,1.1539928680837293,0.8052857858406909,0.4484507476317928,0,0.9999978835698698,2.116430206256623e-06
2024-01-04 21:20:00,0.15048262053036793,1.8790680317707675,0.8373959059892411,0,0.9999912116440652,8.788355785299449e-06
2024-01-04 21:25:00,0.4043699016328763,0.7495620545017176,1.2915750072865804,0,0.999998186863929,1.8131360028400388e-06
2024-01-04 21:30:00,0.4061210767712689,0.5559153161958502,0.9000143190598003,0,0.9999994250976503,5.749022301492424e-07
2024-01-04 21:35:00,0.8950667696026566,0.6686952759486844,1.3658820903517244,0,0.9999992085170964,7.91483323676345e-07
2024-01-04 21:40:00,0.00220775773550386,0.9234365093959471,1.4213415946542802,0,0.9999959985632835,4.00143682621945e-06
2024-01-04 21:45:00,0.719856596777144,0.9401905168396358,0.47797179336426604,0,0.9999979331381369,2.066861438978171e-06
2024-01-04 21:50:00,1.6831243115766228,1.4326763530896447,0.3773963272769241,0,0.9999889650789046,1.10349209691941e-05
2024-01-04 21:55:00,0.3599916596098278,-0.17751746298439652,1.0775812694197011,0,0.9999860987575069,1.3901242677532727e-05
2024-01-04 22:00:00,0.7066110920289157,-0.6387484404185247,-0.34605783574472987,0,0.9999792799999555,2.0720000193498424e-05
2024-01-04 22:05:00,0.4076059308493446,0.12349377405024821,0.3727325549917322,0,0.9999964730621638,3.526937806258701e-06
2024-01-04 22:10:00,0.8397364203167696,1.1114040477770297,0.019885190737756794,0,0.9999958473249356,4.152675515563812e-06
2024-01-04 22:15:00,0.7785458326398367,0.14701117364391963,0.3424762449465786,0,0.9999971735109211,2.826488930679927e-06
2024-01-04 22:20:00,0.4482961776534047,-0.8235900077002475,0.5214198931033993,0,0.9999905414335298,9.458566235118524e-06
2024-01-04 22:25:00,0.8908365567217124,0.5868702624006837,0.5515150385278322,0,0.9999981139034896,1.8860961628657245e-06
2024-01-04 22:30:00,1.654435198245545,0.8576607657323402,0.47693766198678866,0,0.9999952759492486,4.724050751003517e-06
2024-01-04 22:35:00,0.9352479900233532,0.3089288877919454,0.2144994133483814,0,0.9999925447678432,7.45523215420142e-06
2024-01-04 22:40:00,1.1568274293048648,0.19708424996725293,1.6499372513208697,0,0.9999721236319772,2.7876367822239374e-05
2024-01-04 22:45:00,0.26655704981466777,0.1741257357099039,1.8942075091623296,0,0.9999443793702245,5.5620630104211246e-05
2024-01-04 22:50:00,0.16319930759271367,0.6830482420855519,0.6194622379837539,0,0.9999936724179964,6.327582445523367e-06
2024-01-04 22:55:00,0.8166074448091976,0.48910573881762964,1.4636443586565755,0,0.9999978817354229,2.1182647713901615e-06
2024-01-04 23:00:00,1.4981473652240787,0.965765015877721,0.8361760092026679,0,0.9999978177107716,2.1822887905197437e-06
2024-01-04 23:05:00,1.1676272953680535,-0.47746387657602196,0.886584910375737,0,0.9999864395423113,1.3560458119488898e-05
2024-01-04 23:10:00,0.7527467269481518,0.040830897187084665,0.8187952679479699,0,0.9999971041103075,2.895889528942267e-06
2024-01-04 23:15:00,0.7803299282256976,0.07165109361321469,0.5353871375645484,0,0.999998830689721,1.169310599548768e-06
2024-01-04 23:20:00,0.19583375227093425,0.49677043566455414,1.1861954164475137,0,0.9999987956123709,1.2043875346072764e-06
2024-01-04 23:25:00,0.9080647020630196,0.493703002177938,1.0017616714952724,0,0.9999995274603158,4.72539559984693e-07
2024-01-04 23:30:00,1.2573158982111954,1.129909282014782,0.6807011481703502,0,0.9999994544024626,5.455971302760708e-07
2024-01-04 23:35:00,0.7289217651367821,0.0627426069440262,0.21805226282423498,0,0.9999989934800004,1.006519613558476e-06
2024-01-04 23:40:00,0.564956124578533,0.6497426112040765,0.26544032042608157,0,0.9999989241138213,1.0758863646051045e-06
2024-01-04 23:45:00,0.8697815801817953,1.0723423355948234,-0.05088734350167248,0,0.999994802452285,5.197547512591583e-06
2024-01-04 23:50:00,0.6293277400418678,1.8184126404035923,0.5945055031162756,0,0.99999428975109,5.710249012595258e-06
2024-01-04 23:55:00,0.7370079464360139,0.9354954964037964,0.25196223666572554,0,0.9999957864236062,4.213576845257197e-06
2024-01-05 00:00:00,1.805150593042272,1.0563612113787182,0.5673114423919438,0,0.9999854822352705,1.451776450778794e-05
2024-01-05 00:05:00,1.0097258958782078,0.08559462402852624,1.3942069069666285,0,0.999966580212482,3.341978742277781e-05
2024-01-05 00:10:00,0.7211337640204376,-0.4816528448605971,1.569021554550963,0,0.9999236257762286,7.637422398412061e-05
2024-01-05 00:15:00,0.499770940499317,0.8874581292134558,1.0751880207413755,0,0.9999937819941402,6.218005794545068e-06
2024-01-05 00:20:00,1.1000832387817747,0.8977114002592268,0.9055085972892988,0,0.9999993342228151,6.657769576717665e-07
2024-01-05 00:25:00,0.8420309297908088,1.4658591683086768,1.7346284875472526,0,0.9999992479573038,7.520427522355785e-07
2024-01-05 00:30:00,0.5445041566103855,0.42823483079887,1.38021259266821,0,0.999998620391167,1.3796089620735648e-06
2024-01-05 00:35:00,1.398019940149178,1.0186284921078541,0.8984047162793579,0,0.9999979618681061,2.0381322686434496e-06
2024-01-05 00:40:00,1.7040581614467767,1.8390545083993097,0.26705490268797466,0,0.9999799781675262,2.0021832155001184e-05
2024-01-05 00:45:00,0.8357897298557231,1.4005160045490603,0.8920926531851101,0,0.9999971121411225,2.8878590805478505e-06
2024-01-05 00:50:00,-0.025290033649410574,1.204124192604139,1.2766922574531145,0,0.9999958893452363,4.1106551702353795e-06
2024-01-05 00:55:00,1.0899093187362983,1.0210968740696884,0.7434999250405371,0,0.9999993675821496,6.324179132490418e-07
2024-01-05 01:00:00,0.6207309507104701,0.21966857443280588,0.9979751868813675,0,0.9999993028880154,6.971123563980734e-07
2024-01-05 01:05:00,1.1865235117576687,1.37126487527855,0.7852485884740718,0,0.9999993626235876,6.373761651387025e-07
2024-01-05 01:10:00,0.04299826224040201,0.7865525931021606,0.8044028060101278,0,0.9999975823377221,2.417662060296167e-06
2024-01-05 01:15:00,1.0680508586198063,1.143589705473236,-0.21425371208472704,0,0.9999875977178474,1.240228200395421e-05
2024-01-05 01:20:00,0.37555641224075065,0.27253269255264917,0.49354040793301074,0,0.9999983905021728,1.6094981041628015e-06
2024-01-05 01:25:00,1.0968775534745077,0.1963622312748808,1.239951236047517,0,0.9999985748555597,1.425144518964224e-06
2024-01-05 01:30:00,0.974747895685052,1.4175013021157494,0.752963725640309,0,0.999999413910872,5.860892327278553e-07
2024-01-05 01:35:00,0.4795567791638915,0.9409996404751403,0.9147580485585657,0,0.9999995147082968,4.852921253243703e-07
2024-01-05 01:40:00,0.5948870735525705,1.655720745463497,0.6056882987264103,0,0.9999984446488542,1.5553513522272804e-06
2024-01-05 01:45:00,1.153933750194167,1.146365733492659,1.0137034869841017,0,0.9999996404267868,3.5957284101843167e-07
2024-01-05 01:50:00,1.0480014608947827,0.1596017826370136,0.8817366837560425,0,0.9999990720084255,9.279911470984835e-07
2024-01-05 01:55:00,1.24750215870828,1.1642400236562247,0.5227804136054943,0,0.9999990605942777,9.394060962110251e-07
2024-01-05 02:00:00,1.9742136164088224,0.7653753216027191,1.431049716965679,0,0.9999986390348734,1.3609649397250544e-06
2024-01-05 02:05:00,0.5070657001322402,1.2603883915324168,1.5264579115866095,0,0.9999989108497649,1.0891502979972831e-06
2024-01-05 02:10:00,1.5870198280352668,1.0923503992307366,0.8740166319404289,0,0.9999993252661172,6.747335407002143e-07
2024-01-05 02:15:00,1.1927557495868397,0.30069108403466793,1.172912411602181,0,0.9999989001586664,1.0998414281382192e-06
2024-01-05 02:20:00,0.599270120934884,0.876647887771179,1.2831610005822152,0,0.9999983150224223,1.684977331243353e-06
2024-01-05 02:25:00,0.2185742193702558,2.0169080272459956,1.3659188574408572,0,0.9999869111736039,1.3088826669083582e-05
2024-01-05 02:30:00,0.6516234509057199,1.553709555612771,0.35173165128263534,0,0.9999941314153455,5.8685850808441515e-06
2024-01-05 02:35:00,1.3142900063587537,1.1565727611711465,1.2547637336828317,0,0.9999994676610693,5.323388459960754e-07
2024-01-05 02:40:00,1.0159215240760278,1.5781978235878784,0.8256727171270503,0,0.9999992747591834,7.252404345929634e-07
2024-01-05 02:45:00,1.7108928868215296,1.2973992756415538,0.7943343694802151,0,0.9999980518424185,1.9481571670672815e-06
2024-01-05 02:50:00,0.509993468509626,1.2157193727337217,2.123700370496698,0,0.9999923667365079,7.633263381877475e-06
2024-01-05 02:55:00,0.8390237051418337,0.5767691014209639,1.483740312223758,0,0.9999980818284009,1.9181713644879134e-06
2024-01-05 03:00:00,0.34944120846031906,1.0172658732034472,0.9877804472210636,0,0.9999983993178908,1.6006825521590997e-06
2024-01-05 03:05:00,0.9762346615154672,1.5329587018842645,0.03078124510418929,0,0.9999916721600378,8.327840240591089e-06
2024-01-05 03:10:00,1.4168846406783258,0.8025278099020543,1.3497125998643495,0,0.9999986713237108,1.3286762464672622e-06
2024-01-05 03:15:00,0.928676664939282,1.6593817123733874,0.5287141611730536,0,0.9999973462134873,2.6537860973973836e-06
2024-01-05 03:20:00,-0.25579043141996705,1.199930120560753,0.4377289079399964,0,0.9999955324692315,4.4675311670553545e-06
2024-01-05 03:25:00,0.7285900566341114,0.6873723100101664,0.7130431417592591,0,0.9999994431074543,5.568925721099052e-07
2024-01-05 03:30:00,1.1404002180512,1.4315348715457823,1.57791688687476,0,0.9999997177892909,2.822103948445908e-07
2024-01-05 03:35:00,1.2515857758031876,1.048279044391121,1.55348443679818,0,0.9999997059222073,2.9407788473386685e-07
2024-01-05 03:40:00,1.6845250295319334,1.432989869489915,1.133876269265059,0,0.9999996523284302,3.476719219777607e-07
2024-01-05 03:45:00,0.7175700364515998,1.0525553508746814,1.2187625878501502,0,0.999999666715722,3.3328439485407357e-07
2024-01-05 03:50:00,1.2656392200919013,1.0516006368449768,0.8419386171169587,0,0.999999649207955,3.5079228586578664e-07
2024-01-05 03:55:00,1.677443998463323,1.3170553317902416,1.0618029633843626,0,0.9999995490853615,4.5091506738892107e-07
2024-01-05 04:00:00,0.38741551324099,1.303603607236439,1.101100722304615,0,0.9999989588946808,1.041105271344559e-06
2024-01-05 04:05:00,1.0040052624923472,0.2175022916864836,1.5150952910507869,0,0.9999971967429884,2.803257263798656e-06
2024-01-05 04:10:00,0.7992738672622345,0.30971640953279816,1.6414945794480267,0,0.9999969557758002,3.0442239462732666e-06
2024-01-05 04:15:00,0.9424989254801641,1.3137409953549748,1.4713138521705194,0,0.9999995241952314,4.7580434720542566e-07
2024-01-05 04:20:00,1.1932302860660595,1.1142249027846893,1.0413151090133812,0,0.9999997330824401,2.6691731146652674e-07
2024-01-05 04:25:00,0.8734613423024431,0.8716129830771145,1.4076012877722883,0,0.9999996116703941,3.8832946211410687e-07
2024-01-05 04:30:00,0.6907719669383254,0.4057020357948193,1.1485911321838251,0,0.9999994276651524,5.723344326881285e-07
2024-01-05 04:35:00,0.9775543879394977,0.40136610933013495,0.6323588585394035,0,0.9999994279707425,5.72029492410295e-07
2024-01-05 04:40:00,0.5319945631422279,-0.043949621169680105,0.7830153123707304,0,0.9999991012231877,8.987770757224194e-07
2024-01-05 04:45:00,0.402116501158993,0.7370521545682028,1.0486509545146707,0,0.9999994782594055,5.217409593975864e-07
2024-01-05 04:50:00,1.207950234281376,0.7384946616912852,1.4994462563684567,0,0.999999518398115,4.81601663617381e-07
2024-01-05 04:55:00,0.5811030926973206,0.5672972885641249,1.1498696484559154,0,0.999999491669898,5.083303284685209e-07
2024-01-05 05:00:00,1.2616433738150803,0.9454569813412043,0.5905369909266003,0,0.9999993593639607,6.40636465328914e-07
2024-01-05 05:05:00,1.3717791973990074,1.2670793687939919,0.9901602511850748,0,0.9999990775645236,9.224355719435203e-07
2024-01-05 05:10:00,0.3644569008738091,2.18737398913397,1.138248209517846,0,0.9999901604662461,9.839533745594753e-06
2024-01-05 05:15:00,0.5651970933732522,0.7555498757574575,1.2178619612629038,0,0.9999987535864912,1.2464138609427398e-06
2024-01-05 05:20:00,1.5209861900436137,1.5969115401489238,1.5719796338938183,0,0.9999997185259814,2.8147361897734027e-07
2024-01-05 05:25:00,0.7736172470630075,1.7640077702368517,1.7252951349337413,0,0.9999990857854386,9.14214557528495e-07
2024-01-05 05:30:00,0.7989219141252499,0.9856243129943304,1.05486640896024,0,0.9999996878541911,3.121459431570338e-07
2024-01-05 05:35:00,1.2513843288783353,1.2214310474747212,0.8468682665376874,0,0.9999996093966582,3.906031520336716e-07
2024-01-05 05:40:00,1.5434523689850315,0.9816153994696244,0.5982834283928735,0,0.9999990269630148,9.730367783090675e-07
2024-01-05 05:45:00,1.1407084986620204,1.2180961636512833,1.3020857524743994,0,0.9999996942251995,3.057746070108469e-07
2024-01-05 05:50:00,0.8580311555963501,1.9202584231341242,1.85058163777263,0,0.9999988799360742,1.1200636464541167e-06
2024-01-05 05:55:00,1.7394628148073177,1.7051824794402963,1.2314760954701898,0,0.9999995330682576,4.66931722810766e-07
2024-01-05 06:00:00,2.157932973270764,1.5977214479978856,1.0814980190002743,0,0.9999988587912557,1.1412089360330804e-06
2024-01-05 06:05:00,1.9241821718987484,1.1229606591728132,1.801147371946984,0,0.9999993811026894,6.188971691797389e-07
2024-01-05 06:10:00,1.4311102112482779,0.48351055225476597,1.5913204029098387,0,0.9999987636873269,1.2363123375143793e-06
2024-01-05 06:15:00,0.8602209436489793,0.9001815361810904,1.5003706768903702,0,0.9999994014189697,5.985814516563728e-07
2024-01-05 06:20:00,0.6814912998026108,1.6998913139495726,0.7504113860042567,0,0.9999987512727395,1.2487275222324272e-06
2024-01-05 06:25:00,1.2761046677626398,0.6454226571056949,1.3620524227609971,0,0.9999993658732101,6.341268726390533e-07
2024-01-05 06:30:00,1.4079563876612256,0.5562335824148856,0.8314712407652063,0,0.999998831327276,1.168672644966669e-06
2024-01-05 06:35:00,1.9194354952318393,1.0932596612692302,0.5838451302223272,0,0.9999961721023787,3.82789753140112e-06
2024-01-05 06:40:00,1.717827806814328,0.7302096595851193,0.8635205291919835,0,0.9999983132962044,1.6867040629652167e-06
2024-01-05 06:45:00,0.6336080947093126,0.7155802452186683,0.8437487745690214,0,0.9999995881263142,4.1187405144650947e-07
2024-01-05 06:50:00,1.5297471059813996,0.8893851215363189,1.0031301357349702,0,0.9999993706607873,6.293388868492392e-07
2024-01-05 06:55:00,0.8242130011034066,0.4975322756481699,0.5101044397915898,0,0.9999975060012908,2.4939984744385826e-06
2024-01-05 07:00:00,0.9084762539882222,0.5688824165778824,1.4352332986711176,0,0.999974909287722,2.509071264223909e-05
2024-01-05 07:05:00,1.2392543042389772,1.3895686460489394,1.7909857469258939,0,0.9997872708299959,0.00021272916996459864
2024-01-05 07:10:00,2.1738766427706815,0.6845262272603057,0.5293952012094236,0,0.9967352636475503,0.003264736352510211
2024-01-05 07:15:00,2.988674738205027,0.3382359345266963,1.4585113091309856,0,0.9959010477187122,0.00409895228173489
2024-01-05 07:20:00,2.042648885977343,0.6967975238033388,0.9424061152772585,0,0.998474562777599,0.0015254372228248225
2024-01-05 07:25:00,1.3853027745785487,1.4538746044313646,1.5340642611304456,0,0.999934008256098,6.599174364091305e-05
2024-01-05 07:30:00,1.533427300386419,1.24324052310771,1.301805176876448,0,0.999996421045618,3.578954497344623e-06
2024-01-05 07:35:00,1.7493665142087844,1.0561143047036026,1.2783917595130803,0,0.9999993245803587,6.75419891381451e-07
2024-01-05 07:40:00,1.2411061546712014,1.2446227733738258,1.178907409592525,0,0.9999994578967394,5.42103587770141e-07
2024-01-05 07:45:00,2.10063727043589,0.45468856138441505,1.7750288545373214,0,0.9999938390563942,6.160943853536603e-06
2024-01-05 07:50:00,1.6153161669898755,1.2841304874091157,0.863498158190369,0,0.9999988674077988,1.1325922880908557e-06
2024-01-05 07:55:00,1.6004641983660326,1.4832508096799717,1.416761041170912,0,0.9999997354343927,2.6456560035486717e-07
2024-01-05 08:00:00,1.6793134323274068,1.1698402725588186,1.805709249344641,0,0.9999996609586226,3.3904103214708397e-07
2024-01-05 08:05:00,1.5895751488251657,1.750599927785324,1.753628385646189,0,0.9999996421002565,3.57899871865866e-07
2024-01-05 08:10:00,1.7647694277798687,0.9153813806428048,2.458119547876032,0,0.9999964517755155,3.5482246753230613e-06
2024-01-05 08:15:00,1.1260955135912665,1.7383533736162506,1.3998704973328544,0,0.9999994410911056,5.589089923472798e-07
2024-01-05 08:20:00,0.9657150685829459,1.526349542828051,1.7480607351030675,0,0.9999994992714508,5.007286023211363e-07
2024-01-05 08:25:00,0.662346379142755,1.2327905276808209,1.381235710595687,0,0.9999995260487808,4.7395081253604e-07
2024-01-05 08:30:00,1.3085891735395512,1.298120051124081,1.8714117371765713,0,0.9999996386232595,3.613770551615287e-07
2024-01-05 08:35:00,1.6674244958960753,1.2793401169688314,1.4679420491958701,0,0.9999997346167572,2.653833698560013e-07
2024-01-05 08:40:00,1.6250497442634446,1.9068725530135997,1.1802777192867702,0,0.9999994804458296,5.195541852720694e-07
2024-01-05 08:45:00,2.1956079077030046,1.0080673220669025,1.8522600395886037,0,0.9999989031927374,1.0968070857527944e-06
2024-01-05 08:50:00,1.5687852976768584,0.8906274047970556,1.255158495140473,0,0.9999994225801704,5.774196930867972e-07
2024-01-05 08:55:00,1.7053896991850515,1.7122337903740346,0.6681703387901656,0,0.9999980773000355,1.9227001736618317e-06
2024-01-05 09:00:00,0.9100663994305803,1.1873258596634915,0.8944778920438033,0,0.9999996024744968,3.9752541695044226e-07
2024-01-05 09:05:00,1.010550884290012,1.7430014720465794,1.47179617799711,0,0.9999995873041313,4.1269568422605133e-07
2024-01-05 09:10:00,1.5600335731964583,2.291970070518671,1.9926036975370824,0,0.9999995954131827,4.0458699278453064e-07
2024-01-05 09:15:00,1.801213593720909,1.4624917379711873,1.5805693311238886,0,0.9999997545392335,2.4546044716542867e-07
2024-01-05 09:20:00,1.3316399898534435,1.7308243788624293,1.9981293683076684,0,0.9999996392890094,3.607111150494448e-07
2024-01-05 09:25:00,1.2999100427791426,0.9434854494748767,0.9328514501235029,0,0.9999996446695781,3.553304991173443e-07
2024-01-05 09:30:00,0.6038885459199242,1.6161411097183012,1.0241591463137996,0,0.9999992267915592,7.732085955067109e-07
2024-01-05 09:35:00,0.9517102684684918,1.557480002302706,1.123441321740605,0,0.9999996056868308,3.943135866292208e-07
2024-01-05 09:40:00,1.65396236293966,1.672839946877352,1.2337343532637692,0,0.9999996768283903,3.231718630277969e-07
2024-01-05 09:45:00,1.7174666538622145,1.1796413764197762,1.3583173563314554,0,0.9999996222641843,3.7773554052410033e-07
2024-01-05 09:50:00,1.7040884075856013,0.5528071535714023,1.6691966368719204,0,0.9999985573532687,1.4426468408193359e-06
2024-01-05 09:55:00,1.4881922830208323,1.3950718240784612,1.2589281090162037,0,0.9999996664865295,3.3351303227470143e-07
2024-01-05 10:00:00,1.4061705554565602,0.432686965963335,1.3991041470645047,0,0.9999990448618533,9.551381981458816e-07
2024-01-05 10:05:00,1.066453197850635,0.9757649093754971,1.361950204170515,0,0.9999996675042537,3.3249576936151324e-07
2024-01-05 10:10:00,1.6157222770544748,1.7390993014653475,0.9609602058702658,0,0.9999993743033112,6.256970722663121e-07
2024-01-05 10:15:00,1.6511279195567783,1.615579273239963,1.205763197325442,0,0.9999995937260707,4.062738274357652e-07
2024-01-05 10:20:00,1.6987382466258214,2.415248938896197,1.2687403144765477,0,0.9999986048370102,1.395163399888799e-06
2024-01-05 10:25:00,1.230703762969289,2.2200712500996382,1.280992037310909,0,0.9999986919410191,1.3080588865732706e-06
2024-01-05 10:30:00,0.3174701818997849,1.3677408423741522,1.375353834686243,0,0.9999985030856186,1.4969140220944044e-06
2024-01-05 10:35:00,1.5965190629269743,1.4384501519597295,1.4261554141708295,0,0.9999997206032666,2.7939705325850083e-07
2024-01-05 10:40:00,1.2318799791867374,1.4273150556630152,1.2177915217256816,0,0.9999996767056086,3.2329399042192993e-07
2024-01-05 10:45:00,0.9425305865264362,0.698637002987921,1.9184967445227585,0,0.9999979961523491,2.003847315940628e-06
2024-01-05 10:50:00,1.6008940330321069,0.787726254838926,1.0425871979987797,0,0.9999987194431937,1.280557135774575e-06
2024-01-05 10:55:00,1.2839296560320315,0.9977313047336801,0.9827263565676752,0,0.9999953100442256,4.689955523963696e-06
2024-01-05 11:00:00,1.8842734188854025,0.3635617680687973,2.528826788757788,0,0.9999294438538586,7.05561463117989e-05
2024-01-05 11:05:00,1.856290159818148,1.1653620068645263,1.2930525233507486,0,0.9999925979146808,7.402085615457929e-06
2024-01-05 11:10:00,1.8827464492788122,1.2682469649126515,0.7844247455994698,0,0.9999967985792269,3.2014203645248035e-06
2024-01-05 11:15:00,0.9165379331283579,0.6264491335845521,1.565938205492245,0,0.9999982553023742,1.7446973524136106e-06
2024-01-05 11:20:00,1.8589860606454705,1.422825033475037,0.5495465084124587,0,0.99999596672564,4.033273926013955e-06
2024-01-05 11:25:00,0.4496415975784187,0.49571764028467197,-0.009514440662562691,0,0.9999985203632638,1.4796369108700789e-06
2024-01-05 11:30:00,-0.1610675010772838,0.07258047743681843,0.4863844457901742,0,0.9999987701492787,1.229850437226893e-06
2024-01-05 11:35:00,-0.19149895745411344,-0.21783521007314244,-0.39346857157925924,0,0.9999976807548201,2.319244791257641e-06
2024-01-05 11:40:00,-0.7727021774661879,-0.033390495950403554,-0.7792252415547763,0,0.9999937986014104,6.201398895959971e-06
2024-01-05 11:45:00,-0.29593700398784883,0.04827735272740804,-0.7603995426101068,0,0.999993863495276,6.136504569398853e-06
2024-01-05 11:50:00,-0.581458116657838,-0.037811585646770854,-0.0865522603817827,0,0.9999968581263846,3.1418733926710093e-06
2024-01-05 11:55:00,-0.7634618516629902,-0.39943008848782074,0.17870485284407828,0,0.9999960305364424,3.969463332893188e-06
2024-01-05 12:00:00,-0.868632555763085,-0.18126090739035353,-0.19805517003088868,0,0.999997043313493,2.9566866752445355e-06
2024-01-05 12:05:00,-0.11490401305118139,0.1567587852687286,0.022189091607697435,0,0.9999988937703826,1.1062299383507382e-06
2024-01-05 12:10:00,-0.40791059865157947,-0.27343192655573145,0.2853166955616389,0,0.9999986177982012,1.3822017102168361e-06
2024-01-05 12:15:00,0.1487879811293687,0.39680536962390384,0.4749250841454852,0,0.9999993652920434,6.347078735827635e-07
2024-01-05 12:20:00,-0.30095008306234305,-0.18035765407421822,-0.03498369498113395,0,0.9999987262098257,1.2737900590042193e-06
2024-01-05 12:25:00,-0.7850111570668307,-0.1879747944302069,-0.760727105088313,0,0.9999964652232566,3.5347762900452076e-06
2024-01-05 12:30:00,-0.7541531130625954,-0.39935345706869113,-0.5658058531368553,0,0.9999972306261191,2.7693737556913e-06
2024-01-05 12:35:00,-0.043867790708917366,-0.19705726772090001,-0.39750003577066045,0,0.999997944670506,2.0553298921643964e-06
2024-01-05 12:40:00,-0.24553050586508307,-0.7193958776897358,-0.3002238567708034,0,0.9999976589597399,2.3410400747493154e-06
2024-01-05 12:45:00,-0.42296657611986616,-0.5212725385980999,-0.25123102848160495,0,0.9999981451227463,1.854877424465674e-06
2024-01-05 12:50:00,-0.26511278738129773,-0.6238200193891477,0.1276618628288494,0,0.9999979220996226,2.0779004787994728e-06
2024-01-05 12:55:00,-0.11590621188452115,-0.29048080325699155,0.28467733005380697,0,0.9999987535000893,1.246499802247222e-06
2024-01-05 13:00:00,0.11231766510878992,0.06435996645101043,-0.07124967123801199,0,0.9999991346680068,8.653317374409153e-07
2024-01-05 13:05:00,0.2794572223814547,0.06745348170434248,0.17596803829211757,0,0.9999990910459512,9.089542397473568e-07
2024-01-05 13:10:00,-0.20928915419421054,-0.8267538429910444,0.04366430651286509,0,0.9999969116345196,3.088365435721091e-06
2024-01-05 13:15:00,-0.6438772687134994,0.21423607251603974,-0.07772982772312513,0,0.9999974721035988,2.5278960267617373e-06
2024-01-05 13:20:00,-0.5022917881492973,0.00837977710702115,0.12052971590424619,0,0.9999983603743002,1.63962540544752e-06
2024-01-05 13:25:00,-0.2590308375041163,-0.37130080419007344,-0.05251135767407523,0,0.9999984794342446,1.5205661125618382e-06
2024-01-05 13:30:00,-0.5508328313271244,-0.20826156032981089,0.4489557570484975,0,0.99999719539694,2.8046028412147595e-06
2024-01-05 13:35:00,-0.6364041528748766,-0.15369542158403962,-0.3750085085124519,0,0.9999979464076373,2.0535923789991234e-06
2024-01-05 13:40:00,-0.2743782215924804,-0.38739756797818714,-0.364888815638551,0,0.9999984611497911,1.5388506511533437e-06
2024-01-05 13:45:00,-0.2827229307466763,-0.20099135211046257,-0.2535347907650139,0,0.9999987844892642,1.2155106590964242e-06
2024-01-05 13:50:00,-0.2609533382924262,-0.38397341364687815,-0.0623911310496714,0,0.9999986952033723,1.3047965615276027e-06
2024-01-05 13:55:00,-0.4902382596460913,-0.37861907211008494,0.22585880374764153,0,0.9999980791326638,1.920867190049169e-06
2024-01-05 14:00:00,-0.4016444083524137,-0.4606383420555457,-0.04784935779756687,0,0.9999982850937311,1.714906562437851e-06
2024-01-05 14:05:00,-0.581837685851351,-0.7066477256653433,-0.519540220622841,0,0.9999978121292148,2.187870769286011e-06
2024-01-05 14:10:00,-0.09517056556230624,-0.3122150388587228,-0.02985876807143316,0,0.9999983031880973,1.6968120494709331e-06
2024-01-05 14:15:00,0.09405670436051729,-0.06352656888868406,0.0926438717479484,0,0.9999960722175104,3.927782108940626e-06
2024-01-05 14:20:00,-0.7078823070262409,-0.00980760110182426,-0.6222139317822076,0,0.9999745663868688,2.5433612860802826e-05
2024-01-05 14:25:00,-0.6752818860631894,0.09679312629235366,-0.2965314672175642,0,0.999930702268235,6.929773166244965e-05
2024-01-05 14:30:00,-0.8344808978288808,-0.018232908513398243,-0.64094232570678,0,0.9997890642673258,0.00021093573238519937
2024-01-05 14:35:00,-0.6299705855445553,-0.30697361044098237,-0.48632940132768093,0,0.9995261511532421,0.0004738488464022176
2024-01-05 14:40:00,-0.3997672238674775,0.013498422233450035,-0.5063206037685566,0,0.9984946547834758,0.0015053452164834299
2024-01-05 14:45:00,-0.7378544235544979,-0.5421137088527279,-0.03515950334068126,0,0.9948234002732568,0.005176599726593649
2024-01-05 14:50:00,-0.6819934056845853,-0.5732822780660547,-0.08679410752963178,0,0.9840837409511035,0.0159162590486922
2024-01-05 14:55:00,-0.6897012814451378,-0.601477474299214,-0.4931421714675136,0,0.9490212069660202,0.050978793033599513
2024-01-05 15:00:00,-0.3310523281236696,-0.0035447821612907392,-0.011473514705601795,0,0.8247161302437291,0.1752838697562593
2024-01-05 15:05:00,-0.2025639098545058,0.9741001043241078,-1.7106677193062994,1,0.00022629438796839673,0.9997737056117111
2024-01-05 15:10:00,-1.1070297251994792,0.7269503839556061,-0.2539937982707381,1,3.954084465044898e-05,0.999960459155367
2024-01-05 15:15:00,-0.3072392941680046,1.3464783483495577,-1.0924710372349788,1,3.6187839248784965e-06,0.9999963812162599
2024-01-05 15:20:00,-0.9297543826312777,-0.7828296657699033,-0.8442082164811099,1,0.00013862547369195965,0.9998613745261955
2024-01-05 15:25:00,-0.7886642853461086,0.03528815980842137,0.20009567000687278,1,0.00018555088923040173,0.999814449110961
2024-01-05 15:30:00,1.572335585094764,-0.2814168324766404,0.5325377382635023,1,0.00017336029587412824,0.9998266397043669
2024-01-05 15:35:00,1.8836922429877925,0.7769429482014859,1.5414184402244022,1,0.00024056653218808668,0.9997594334679095
2024-01-05 15:40:00,-1.1699737603767062,-0.04711422038706648,0.2619213592721516,1,0.00016847271963865113,0.9998315272800969
2024-01-05 15:45:00,0.452183322516899,-0.6143598266949892,0.31140329790862786,1,0.00013597802202338057,0.999864021978209
2024-01-05 15:50:00,0.9169731078799378,0.3140141431026149,-0.5033792676416435,1,4.50440318644803e-05,0.999954955968377
2024-01-05 15:55:00,-1.2796103337787668,0.9903221309524483,-0.05693702095307463,1,4.026620913650589e-06,0.9999959733794763
2024-01-05 16:00:00,0.40623366805657934,-0.6393933972937762,0.3640545089841511,1,1.067085201338575e-05,0.9999893291484109
2024-01-05 16:05:00,1.769257606582971,-0.40776639653944785,-0.10918734651157048,1,1.6472372589798888e-07,0.9999998352759711
2024-01-05 16:10:00,-0.9932671639248773,-1.5216787091128525,-2.1523992372593095,1,2.2623318478366908e-07,0.9999997737668564
2024-01-05 16:15:00,-1.5776034740626363,-1.5216787091128525,-0.3850003408140325,1,1.4467409724526654e-06,0.9999985532587294
2024-01-05 16:20:00,0.5539159851019096,-0.9748299291057205,0.182108981667449,1,3.160927777542042e-06,0.9999968390725307
2024-01-05 16:25:00,0.3039014633425914,0.28655319323067313,-0.812437393068711,1,3.2771718217019242e-06,0.999996722828568
2024-01-05 16:30:00,0.5626495385812644,0.25343484431141444,-1.7843835816858336,1,1.8363108912691104e-09,0.9999999981637302
2024-01-05 16:35:00,0.3888851966954377,-2.38065752428299,1.0012001474901981,1,7.653057695908146e-12,0.999999999992724
2024-01-05 16:40:00,0.39648579226371244,-1.273970010525165,0.7394204987024178,1,1.996022901800544e-07,0.9999998003977651
2024-01-05 16:45:00,-1.6481910905397783,-1.273970010525165,-0.1423623470457898,1,5.706883523004194e-07,0.9999994293113369
2024-01-05 16:50:00,0.5680915397513604,0.5343665794637217,-1.4190894388551734,1,1.2984852731470041e-08,0.9999999870151443
2024-01-05 16:55:00,1.3787314976264673,-1.271803510542821,-1.4506998705869463,1,2.1884095838127186e-10,0.9999999997808118
2024-01-05 17:00:00,-0.04573711392841648,0.9645487232821798,0.9081215242257753,1,3.850380941404763e-05,0.999961496190788
2024-01-05 17:05:00,-0.25145841316548717,1.2681839992163433,0.3170960603290418,1,2.597705389449967e-05,0.9999740229459219
2024-01-05 17:10:00,-2.086510770926745,-0.8315999768305127,-0.6274772680135137,1,3.246510927893297e-06,0.9999967534893534
2024-01-05 17:15:00,-0.19884419300097966,-1.7370403200944389,0.27115552444069096,1,2.371691727500016e-07,0.9999997628310947
2024-01-05 17:20:00,0.4363597037351196,-0.24886883661196932,-0.935358248867165,1,1.2219992946744647e-06,0.9999987780009368
2024-01-05 17:25:00,-0.129137546725871,-1.2199543276937368,1.2837376870845059,1,2.913828852217145e-08,0.9999999708616092
2024-01-05 17:30:00,1.115638262377739,-0.38786595473525554,1.7844274689773714,1,9.1063752652594e-07,0.9999990893624779
2024-01-05 17:35:00,-0.2494570311737064,-0.8327281849805498,-0.0936194625031553,1,1.1857031880414565e-05,0.9999881429678592
2024-01-05 17:40:00,0.4122932429578456,-2.5066913742266337,-0.8377397000923993,1,1.0410247097074437e-09,0.9999999989586286
2024-01-05 17:45:00,-1.2777173989641752,-2.5066913742266337,-0.8377397000923993,1,8.393495217258723e-08,0.999999916065466
2024-01-05 17:50:00,-0.5973010621723837,-0.937112962140559,-2.74413923159321,1,5.064774024226169e-10,0.9999999994934115
2024-01-05 17:55:00,-0.5729404177573134,-1.0909177389868976,-2.4253008263573865,1,1.7477922995677112e-08,0.9999999825222404
2024-01-05 18:00:00,-0.08921331959558468,-1.1270117455260005,-0.6856860048451434,1,6.496168372191382e-06,0.9999935038315014
2024-01-05 18:05:00,-0.6531704602974813,0.344077232252521,-0.6782009024797961,1,7.90313195589831e-06,0.9999920968678795
2024-01-05 18:10:00,-0.5385839797134216,1.352063615365279,-1.8120584724092337,1,1.6313627772346724e-10,0.9999999998372004
2024-01-05 18:15:00,0.6372072439165846,-0.06124302095323092,-0.9658686106297005,1,1.9054800595143538e-06,0.9999980945203752
2024-01-05 18:20:00,-0.515394794448689,-0.5659829001698012,0.16478638287073438,1,1.447422776103279e-05,0.9999855257721508
2024-01-05 18:25:00,-2.2556555225701787,0.2801578736997477,0.5290685222132891,1,1.968923188491382e-09,0.999999998030944
2024-01-05 18:30:00,1.2229914480961854,-1.6694737159253283,-2.067854659805101,1,1.79021344276008e-13,1.0
2024-01-05 18:35:00,1.827754904047071,-0.37954544692067504,-0.8721526551133238,1,5.483475067156717e-10,0.9999999994515747
2024-01-05 18:40:00,-1.178030864921878,0.39748350123832,-1.9126126094872402,1,6.707542469807414e-08,0.999999932924768
2024-01-05 18:45:00,0.2828492899576438,0.7828760820632563,0.3226637626942253,1,4.1614928710249144e-05,0.9999583850713814
2024-01-05 18:50:00,-0.7006287124742455,-2.2066269110802956,0.8621649747442894,1,2.060479481549056e-09,0.999999997939085
2024-01-05 18:55:00,-0.08200802828886183,-1.708837071032617,-0.8512857583405468,1,3.344035756226626e-07,0.9999996655961344
2024-01-05 19:00:00,0.1402182382222892,-1.6982145922452603,-1.2181863258555403,1,1.587359936013662e-07,0.9999998412640833
2024-01-05 19:05:00,-0.42327169377624957,-0.5344262606383571,-0.9884872903565456,1,6.4880838574054314e-06,0.9999935119159474
2024-01-05 19:10:00,-1.2471829204068747,0.2666080777581318,-2.916785972984517,1,7.957087316419236e-12,0.9999999999918145
2024-01-05 19:15:00,-1.3832275141791002,1.7123892202667976,-0.6093027597951401,1,4.394685534043894e-10,0.9999999995607141
2024-01-05 19:20:00,-1.6930289089395991,-0.21705356563409017,-0.5957672537228456,1,1.1203025483446999e-06,0.9999988796977868
2024-01-05 19:25:00,-1.6853960793923828,-0.798979698466488,0.7940219662861787,1,1.158941167542394e-08,0.999999988410309
2024-01-05 19:30:00,-0.7716093805097529,0.980942484571993,-1.095116163299904,1,5.818216361208689e-08,0.9999999418178066
2024-01-05 19:35:00,-1.270617786980997,0.5026988305562118,-1.1275453026473665,1,1.7955293572764566e-07,0.9999998204466626
2024-01-05 19:40:00,0.24594715831928765,1.5114318911675957,-2.126557482582512,1,1.8779761687928453e-13,1.0
2024-01-05 19:45:00,1.660751486461572,0.6525326789633716,-1.8663657431354659,1,1.645861463253825e-13,1.0
2024-01-05 19:50:00,-0.3791397538609311,-1.3206707026666118,-1.9864001007161578,1,5.543004770870809e-08,0.9999999445699375
2024-01-05 19:55:00,-0.014269237484292355,-2.1214743865815167,0.40559260080072246,1,3.6845752162005348e-09,0.999999996315637
2024-01-05 20:00:00,0.4054604624115247,-2.620833869092899,-0.7655573745638142,1,5.836334194447523e-10,0.9999999994161044
2024-01-05 20:05:00,0.4983799326439339,-0.14418825940027885,-0.2000421992318493,1,1.6196893523513014e-05,0.9999838031064647
2024-01-05 20:10:00,0.05414635505067517,1.2235652457448503,-0.5932979209383007,1,2.3300153058003687e-06,0.9999976699846089
2024-01-05 20:15:00,0.7156510560189699,2.417907159089245,-1.7020068273077895,1,8.83586537003836e-15,1.0
2024-01-05 20:20:00,0.6036517088241415,1.5822589044063928,-0.8070318203747666,1,2.0343479560349984e-08,0.9999999796564227
2024-01-05 20:25:00,-1.4801753492956777,1.7109365421982108,0.3169687380186098,1,7.190393534428087e-10,0.9999999992805897
2024-01-05 20:30:00,0.406117961810581,-0.3184044979285909,-1.3601366112661564,1,1.2420675209838875e-07,0.9999998757930447
2024-01-05 20:35:00,0.9936235838982509,-1.6111203353066212,0.3851575833072402,1,2.9762317542138628e-08,0.9999999702376958
2024-01-05 20:40:00,-0.7977015937750704,0.3818254951911963,-0.9405357073979658,1,1.3861321060248623e-05,0.9999861386792226
2024-01-05 20:45:00,-0.3799969357551006,0.4666566731911481,-0.9294022574150441,1,4.978218070887783e-05,0.9999502178193198
2024-01-05 20:50:00,0.5146555797571256,0.12400220145987224,0.20398219190523856,1,0.00014592253321829197,0.9998540774670813
2024-01-05 20:55:00,-0.28102711091440447,0.35334691729178386,-0.787216528133085,1,9.731471824535376e-05,0.9999026852816407
2024-01-05 21:00:00,1.0088292462361912,0.34599191500447585,-0.30308326208269776,1,4.668748212941265e-05,0.9999533125177109
2024-01-05 21:05:00,2.9346020571449474,1.4836004384481254,-0.5505519863564952,1,4.067214013314678e-11,0.9999999999590727
2024-01-05 21:10:00,-0.24246759257773132,1.8381349887152616,-0.1297521392835134,1,1.1048811845507835e-07,0.9999998895118613
2024-01-05 21:15:00,-1.9049304435446135,1.0536921677789326,-2.801800364793477,1,9.70029271735356e-15,1.0
2024-01-05 21:20:00,-0.3952213639662072,1.1761951112227826,-2.9890916052510765,1,8.506412151010853e-16,1.0
2024-01-05 21:25:00,0.5556646630217933,0.8193271619954854,-0.31884943391934717,1,9.446280079590102e-06,0.9999905537197776
2024-01-05 21:30:00,-0.2944161947046364,-0.444872616717156,0.9517965156697105,1,6.174776673224506e-06,0.999993825223065
2024-01-05 21:35:00,1.4581299384660573,0.6207421488510455,-0.8382862243544581,1,1.8067777190791541e-07,0.9999998193225274
2024-01-05 21:40:00,-1.3441618383598783,-1.6118637915895362,-0.6323377613795111,1,1.5074837333632393e-05,0.999984925162547
2024-01-05 21:45:00,0.2368374661486602,0.6234311511691899,0.03004706573901662,1,4.3546791238447184e-05,0.9999564532086378
2024-01-05 21:50:00,-0.8370779884917681,-1.3737847692615202,0.6730117706078352,1,9.438325142515193e-07,0.9999990561677712
2024-01-05 21:55:00,1.6125575272354098,-0.21650257379344914,-2.167374937890777,1,2.6895237056526037e-14,1.0
2024-01-05 22:00:00,2.6730427712875136,-1.211229172774523,-1.7467845483648303,1,3.0636615754535395e-18,1.0
2024-01-05 22:05:00,-0.2978936360599675,0.1497617468482693,-1.0036046769910343,1,5.286359648937421e-06,0.9999947136405929
2024-01-05 22:10:00,-0.9303802857676622,-0.13880511793129477,0.37397803944707075,1,7.283982690549206e-06,0.9999927160171576
2024-01-05 22:15:00,0.5596506966055118,-2.0773429150308185,2.7886573216254615,1,2.0871547152999893e-16,1.0
2024-01-05 22:20:00,-0.4794958416198416,-0.26751186882696104,0.47360745775322105,1,1.9836315665426674e-05,0.9999801636843771
2024-01-05 22:25:00,-0.3838917835426946,-0.9094525877665993,-1.535234947804392,1,1.1015811721069699e-05,0.999988984188087
2024-01-05 22:30:00,-0.27081357306479803,0.6291881132396511,-0.12092577090263901,1,2.260710606196228e-05,0.9999773928939013
2024-01-05 22:35:00,-2.5555085650421856,0.0468489524592131,1.327572238276805,1,2.130529182425707e-12,0.999999999998181
2024-01-05 22:40:00,-0.9690583168086854,0.3397518969664947,0.4098796395994363,1,6.284321109251677e-06,0.9999937156787486
2024-01-05 22:45:00,-1.2988206614967983,-1.1777362552663895,-0.996582476456175,1,9.180812460287439e-06,0.9999908191878947
2024-01-05 22:50:00,-1.1633856435956447,-1.1960599021829932,0.660197762583559,1,2.4550585396088675e-07,0.9999997544937588
2024-01-05 22:55:00,1.1859612211967783,-1.0464855224171523,0.8289784073010166,1,8.847847871142949e-08,0.9999999115216308
2024-01-05 23:00:00,-1.327946123968365,0.5590744824864636,-1.003996961408998,1,1.9282760132204716e-07,0.9999998071725898
2024-01-05 23:05:00,0.38509026127086726,2.0144950279962126,0.01521027850969228,1,4.199265354455229e-07,0.9999995800736514
2024-01-05 23:10:00,-0.40292220832846987,-0.49448992624459753,1.00751592290684,1,1.5199082678760735e-06,0.9999984800918083
2024-01-05 23:15:00,-0.6402763001597999,0.9858819264295403,1.5110285085962065,1,2.392751134022488e-07,0.9999997607247055
2024-01-05 23:20:00,0.5641726926437562,-2.422096611118582,0.27042361728518455,1,7.970161812552398e-11,0.9999999999199645
2024-01-05 23:25:00,0.3887009110369584,-2.2870473453205595,-0.42686991225095344,1,1.7676863560616918e-09,0.9999999982319423
2024-01-05 23:30:00,0.6109013790923431,-1.967211133695968,1.1313069710072847,1,1.0560513054135857e-10,0.9999999998944986
2024-01-05 23:35:00,1.1514884156107843,-2.338431805385603,-1.1185119191542983,1,2.203717702492964e-12,0.999999999998181
2024-01-05 23:40:00,-0.23540136908066825,-2.723980300355484,0.04457117921929496,1,2.2787463104405567e-10,0.9999999997717168
2024-01-05 23:45:00,-0.9863500726217163,-0.4706401949574351,-1.622752735031924,1,8.653647799161392e-07,0.999999134635265
2024-01-05 23:50:00,-1.7753734665795993,-0.5386695991974046,0.5920573959434821,1,3.33697093021456e-08,0.99999996663064
2024-01-05 23:55:00,-1.7024563799044015,0.14509340484769945,-0.21886112508389544,1,3.7279240974695844e-07,0.9999996272072862
2024-01-06 00:00:00,2.8188325193847343,0.7193120290387126,1.2397616832328597,1,5.950466800621642e-07,0.9999994049532639
2024-01-06 00:05:00,2.143464636480317,0.38747488417066145,0.8109524443942374,1,1.795940311139777e-06,0.9999982040597144
2024-01-06 00:10:00,-1.1534246336511282,0.7532157575348815,-1.2291773689562815,1,6.243538891981349e-08,0.9999999375650096
2024-01-06 00:15:00,-2.108379108994424,-1.765161484361904e-05,1.1106265059458666,1,7.432936576108656e-11,0.9999999999254214
2024-01-06 00:20:00,-0.24401376738728425,-1.5518853943219513,1.9537219434596589,1,7.555056882018224e-11,0.9999999999245119
2024-01-06 00:25:00,0.39325466028319145,0.6460789748329385,1.46088979807335,1,4.302382084003529e-05,0.9999569761791046
2024-01-06 00:30:00,0.5863651692547247,-0.6486541801764417,-0.5195645823536996,1,3.0295709516174336e-05,0.9999697042909179
2024-01-06 00:35:00,-0.31392193223291376,-1.4481869294687975,-0.6058233310220787,1,2.8288953450556633e-05,0.9999717110467451
2024-01-06 00:40:00,-0.42963524011768806,-0.7890408813813584,-0.12843060170407497,1,3.564817733089379e-05,0.9999643518227842
2024-01-06 00:45:00,0.07604912346507679,-1.4632674728895976,-0.9318384245881713,1,3.474954564472403e-06,0.9999965250450609
2024-01-06 00:50:00,-0.06070656680539077,-1.0777530893129215,1.4982833678689884,1,2.178238673421269e-08,0.9999999782176021
2024-01-06 00:55:00,-2.8496482886000236,-0.05857712144736053,0.5015742875709145,1,4.885984635748506e-12,0.9999999999954525
2024-01-06 01:00:00,-1.3147384645974693,0.2522632801755139,-2.9720495543761296,1,7.38748604572464e-12,0.999999999992724
2024-01-06 01:05:00,-1.5952544012903012,-1.1331010386662574,-0.6221052658711196,1,1.0711781649331728e-05,0.999989288217949
2024-01-06 01:10:00,-0.4556252521754117,-1.0620863301569825,-0.6835673944649742,1,2.060170084305805e-05,0.9999793982991251
2024-01-06 01:15:00,-0.4556252521754117,0.8126187239810851,-0.3974060308702871,1,1.2529102688187743e-05,0.9999874708976682
2024-01-06 01:20:00,1.2229451830601714,0.6892972909524085,-0.638968796291718,1,8.163664278677324e-07,0.9999991836333414
2024-01-06 01:25:00,-0.19277117175516342,2.525429345147578,0.5992043168262973,1,3.380137906233534e-07,0.9999996619863512
2024-01-06 01:30:00,0.8550954201353932,2.014402246379259,1.3191914281403043,1,8.679738213714596e-05,0.999913202617774
2024-01-06 01:35:00,0.6460082517246082,1.81857479847707,0.6025003682095241,1,7.711040886755155e-05,0.9999228895913115
2024-01-06 01:40:00,0.5086673915048417,-1.2446514539911049,-0.3063238764888344,1,2.368316812531986e-05,0.9999763168319612
2024-01-06 01:45:00,0.690088494906152,0.3894650147602758,-0.2467872886888643,1,2.707485000569125e-05,0.9999729251503635
2024-01-06 01:50:00,2.4726271481473674,-0.08965359426758444,-0.16099343961990503,1,7.082991014374924e-08,0.9999999291703741
2024-01-06 01:55:00,-0.7922023579724301,-0.8241312874159575,-1.0516607481261084,1,6.0640885284222844e-05,0.9999393591148947
2024-01-06 02:00:00,0.14102390318044794,-0.19136510258045186,0.22108915581511243,1,8.774280201318712e-05,0.9999122571977817
2024-01-06 02:05:00,-1.2478995777506017,0.9206289873028034,0.4703786684357839,1,4.511659541719747e-06,0.9999954883407466
2024-01-06 02:10:00,0.10192079861811569,0.7269584324392203,1.749603173893644,1,4.375646571956869e-06,0.9999956243532558
2024-01-06 02:15:00,-1.2504581082750301,-0.9677257626965816,1.8155482073862077,1,4.7267487791785753e-11,0.9999999999527063
2024-01-06 02:20:00,-1.0585716234519984,0.4471493390144786,-0.32853867757381894,1,2.8736984475460217e-06,0.9999971263019142
2024-01-06 02:25:00,-0.8552450096036018,-0.7658504507570116,0.7071067447699397,1,1.2458814639295664e-06,0.9999987541185449
2024-01-06 02:30:00,0.7207423253244847,-0.11613522058126304,-0.9568057448594656,1,9.22528007816102e-07,0.9999990774717552
2024-01-06 02:35:00,1.1251595953022155,-0.5382540452942084,0.37998207369027487,1,5.106260517928366e-06,0.9999948937396169
2024-01-06 02:40:00,-1.3333249237221676,-0.5646473679788246,-0.5707382293679564,1,8.82821076948531e-06,0.999991171789449
2024-01-06 02:45:00,-0.5204234562870232,0.5962932874626408,-1.4207596973211898,1,3.4477769703463174e-07,0.9999996552224414
2024-01-06 02:50:00,-1.187894955756997,-1.1988103487928128,-0.22283811156525338,1,2.941504596797919e-06,0.9999970584956434
2024-01-06 02:55:00,-2.0424847205144374,1.804902838882192,-0.22283811156525338,1,5.59595963100254e-12,0.999999999994543
2024-01-06 03:00:00,-1.0573518682259915,-1.7627773058150655,-3.0079955475311158,1,1.7035899522747462e-09,0.9999999982965164
2024-01-06 03:05:00,-0.8708441124724564,-1.3814624556319732,-1.209075152780135,1,3.245123556660969e-06,0.9999967548763283
2024-01-06 03:10:00,2.445613481966687,-0.11865279674612869,-0.37962284995010764,1,3.827120359432193e-10,0.9999999996171027
2024-01-06 03:15:00,1.0638851346645475,0.5142282233359987,-0.6344135437976263,1,4.906519362509337e-07,0.9999995093477376
2024-01-06 03:20:00,-1.5089393342088222,-0.10842913081988176,-2.059899786408565,1,3.820825020372832e-08,0.9999999617921282
2024-01-06 03:25:00,-1.3118333240665685,-0.24410480231673679,-1.6385695972824785,1,1.8488802334265135e-06,0.9999981511199433
2024-01-06 03:30:00,0.6380836507965731,0.27041685543315325,-0.16425455171603182,1,1.6984375832976115e-05,0.9999830156244474
2024-01-06 03:35:00,2.4950512738219395,-0.3365255540308864,0.4904916988167614,1,1.6482991825025774e-08,0.9999999835172276
2024-01-06 03:40:00,-1.3279727938952182,1.408609004095812,0.020254776145037637,1,1.2664401324127246e-08,0.9999999873352864
2024-01-06 03:45:00,-2.825273649299654,1.2750126038897425,1.1869172368846337,1,5.076697807905712e-15,1.0
2024-01-06 03:50:00,1.1967990412892555,1.2746529546212624,0.6902895934848645,1,6.220348235230564e-05,0.9999377965179916
2024-01-06 03:55:00,0.6375704488950611,-0.9074555566159271,-0.734989937877649,1,1.636680578836661e-05,0.9999836331937931
2024-01-06 04:00:00,-1.029691106054735,-0.5099136194737872,-0.6420100593961052,1,2.1852198822538488e-05,0.9999781478013778
2024-01-06 04:05:00,0.14248900839294779,-0.6529654803129429,-1.8653368862302848,1,9.178936621739407e-08,0.9999999082110704
2024-01-06 04:10:00,0.14248900839294779,-1.5325432303456967,-0.788962374957428,1,3.6191423169481963e-07,0.9999996380857483
2024-01-06 04:15:00,-1.1674218312458462,-0.17589890317117277,0.8942831925987333,1,4.127499675131232e-07,0.9999995872504711
2024-01-06 04:20:00,-0.14535641179400774,-0.8341813023072202,0.9234449471728917,1,3.643511841755571e-06,0.9999963564880983
2024-01-06 04:25:00,0.8722625974307066,0.383919473607692,1.7311980144341759,1,1.4721643419635544e-05,0.9999852783568239
2024-01-06 04:30:00,-1.1328503644749568,-1.2981157423859293,0.07289336043461697,1,3.952285862784504e-06,0.9999960477140007
2024-01-06 04:35:00,-0.42362179141423306,1.5067728560751559,1.4137041301559785,1,8.334559146868738e-07,0.99999916654395
2024-01-06 04:40:00,-1.4161530817918515,-0.754971451137601,0.09980702006758892,1,1.4539281346058074e-06,0.9999985460719127
2024-01-06 04:45:00,-0.3063251006747971,-0.10976374765440812,1.5616702655502783,1,4.137405369535335e-07,0.9999995862591223
2024-01-06 04:50:00,-1.3451091119901406,0.763152845965668,0.3353279289947652,1,2.0044332239132784e-07,0.9999997995564828
2024-01-06 04:55:00,-1.075921382559298,-0.5916148457996726,0.7802186987352052,1,3.415785546922128e-07,0.9999996584211331
2024-01-06 05:00:00,-1.6957525573716092,0.6905121239694937,1.7697260120222262,1,3.1140366320802794e-11,0.9999999999690772
2024-01-06 05:05:00,0.08155339531718138,-1.3947862824944763,0.20647601490819006,1,7.166871453002676e-06,0.9999928331283061
2024-01-06 05:10:00,0.8618757093071431,1.1610604617921336,0.19659758717769418,1,5.4237569384929995e-05,0.9999457624310552
2024-01-06 05:15:00,-0.2070280853549772,0.2216261758967225,1.387007820048351,1,4.288100508139841e-05,0.9999571189945611
2024-01-06 05:20:00,-0.20243707687820217,-0.7846508066273753,0.15902225051637778,1,4.1945083114150686e-05,0.9999580549167713
2024-01-06 05:25:00,-1.973440736421624,-0.7338629266707046,-1.5336420394123167,1,6.24162828451003e-06,0.9999937583719816
2024-01-06 05:30:00,-1.1351733778832562,0.5961651934893116,1.8201423180678196,1,1.1269401103155813e-08,0.9999999887304512
2024-01-06 05:35:00,-0.5863090350588116,-0.6581028472851201,-0.08646168444243492,1,1.4514204376750338e-05,0.9999854857958906
2024-01-06 05:40:00,2.762323800338516,-1.2300443993582202,0.04223698618600345,1,7.429995912831719e-13,0.9999999999990905
2024-01-06 05:45:00,-0.68273802015614,-0.7753529115288532,1.1925898290567272,1,8.204494965900882e-08,0.9999999179553958
2024-01-06 05:50:00,1.3546465383651902,-1.7725835934691523,-0.4293841581564665,1,1.9011261272284192e-10,0.9999999998099156
2024-01-06 05:55:00,1.4087930547398726,1.484868896516641,-1.3612018048865513,1,4.12937581394393e-11,0.9999999999590727
2024-01-06 06:00:00,0.5712612616060111,-0.37006222822706725,-0.23429917112616563,1,7.932294620627641e-06,0.9999920677051628
2024-01-06 06:05:00,2.081838574775803,0.7322366185269265,-2.1780332250429586,1,1.5347180171675059e-16,1.0
2024-01-06 06:10:00,0.882210987191302,0.32473243936576296,-1.0831771121624427,1,1.0253247212566389e-07,0.9999998974672105
2024-01-06 06:15:00,0.5426516699014954,-1.2142369051910171,-0.1605890707551393,1,2.6207074231503247e-06,0.9999973792926319
2024-01-06 06:20:00,-0.08643759310594738,-0.514816941485209,-0.4579283973951343,1,1.6815199119702393e-05,0.9999831848012452
2024-01-06 06:25:00,1.2467185101178921,0.632314901911957,-1.9668374703651819,1,9.88776099637014e-12,0.9999999999899956
2024-01-06 06:30:00,1.4951556951049978,-0.17716312522416758,1.0783444683932664,1,4.147619161387663e-06,0.9999958523807957
2024-01-06 06:35:00,-0.483204818472368,1.2190312873941316,0.3301214635507249,1,4.002495011145333e-06,0.999995997504636
2024-01-06 06:40:00,-1.9034857625461887,1.4342844888667627,1.585689594847778,1,1.3368577489195569e-12,0.9999999999990905
2024-01-06 06:45:00,-0.9989200183779058,1.3771221451173061,0.07700924721639872,1,1.6433645149974535e-07,0.9999998356634159
2024-01-06 06:50:00,-1.4392755920936644,-0.2757389542399904,-1.0667489328066686,1,2.7853688339940867e-06,0.9999972146308802
2024-01-06 06:55:00,-0.6934178081802459,-1.5074643058088086,-0.12874663025167415,1,2.0666448543079927e-06,0.9999979333555057
2024-01-06 07:00:00,1.081157343394878,-1.3237579723497581,-0.38799233088527546,1,3.685882333105058e-08,0.9999999631409089
2024-01-06 07:05:00,-0.4066914759369499,-0.3077626726500145,-1.538182986268426,1,1.1292342640490393e-06,0.9999988707656494
2024-01-06 07:10:00,-0.35896563281312094,0.4117813991466159,1.0682656903951941,1,6.115422090565987e-06,0.9999938845781435
2024-01-06 07:15:00,-0.2244338626133912,-2.5965740359746396,-0.4820393543554677,1,5.938310493938561e-09,0.9999999940619091
2024-01-06 07:20:00,0.7581348712542733,-0.9320791901362143,-2.304963067882207,1,7.16354056589698e-12,0.999999999992724
2024-01-06 07:25:00,-2.6368833890972283,-0.23552707666150924,0.6803545192879082,1,2.1618222859616093e-11,0.9999999999781721
2024-01-06 07:30:00,-1.7001949434223975,-0.5434523115517157,-0.4668963130234541,1,1.5932082875973358e-06,0.9999984067921063
2024-01-06 07:35:00,-0.44410731664012937,1.2256150772682382,-0.9264830668445907,1,8.0881119093909e-08,0.9999999191186394
2024-01-06 07:40:00,1.1114163325498791,0.7246575038824965,-2.3548206782642365,1,1.775709232168071e-14,1.0
2024-01-06 07:45:00,-0.4388597925942604,1.6284948208010106,1.1255627041612557,1,4.4976581344130336e-07,0.9999995502340527
2024-01-06 07:50:00,-2.5545205253161747,0.08882502046561994,-1.208661885473263,1,6.6030213120849266e-09,0.9999999933970685
2024-01-06 07:55:00,-0.21353704902795898,0.9955093747801569,-0.40624566864601597,1,2.478954132768204e-06,0.9999975210461147
2024-01-06 08:00:00,-1.0073578056035375,2.0952227175798415,0.7867159190699634,1,2.517268689792879e-09,0.9999999974825187
2024-01-06 08:05:00,-1.9062646615235408,2.041446004009897,0.597341234545125,1,1.4676521220598284e-12,0.999999999998181
2024-01-06 08:10:00,-1.5020432313658423,-0.826902086180977,0.003892181961202047,1,1.1550319809096762e-06,0.9999988449678616
2024-01-06 08:15:00,-0.8564875687770532,-0.692544576900802,-2.0046705931284605,1,3.1266304275983876e-07,0.9999996873366888
2024-01-06 08:20:00,-1.163744980469186,-0.7607910473030987,-1.612896193014533,1,2.7612768713504745e-06,0.999997238723328
2024-01-06 08:25:00,-1.163744980469186,0.20879593312704192,-0.38331455478201293,1,4.45550798545596e-06,0.9999955444917883
2024-01-06 08:30:00,-0.06581537798647641,0.7335353274284819,-1.1013496012130832,1,4.817538601722009e-07,0.9999995182462295
2024-01-06 08:35:00,1.3140648871363323,-0.9187886196871982,-0.21250513933435702,1,1.6985086044241184e-07,0.9999998301491504
2024-01-06 08:40:00,0.9849584629273561,-0.33862480741514855,0.5874545839558589,1,7.008111494103671e-06,0.999992991888576
2024-01-06 08:45:00,-1.2466056349050236,-2.641766118069349,1.1404354891463244,1,4.160372858525774e-13,1.0
2024-01-06 08:50:00,-0.8000808883466992,0.7748963362076333,-1.1336313156337237,1,1.2788079511690736e-07,0.9999998721195961
2024-01-06 08:55:00,-0.43370843303799295,-0.5189573942298443,1.9999427366988012,1,4.4827033750342375e-09,0.9999999955171006
2024-01-06 09:00:00,0.3977723176605688,-0.2328835947023951,1.3467680773851387,1,7.261511950900899e-06,0.9999927384878797
2024-01-06 09:05:00,0.7301192493517555,-0.580753257929499,0.2933124027616644,1,9.639538892579485e-06,0.9999903604612737
2024-01-06 09:10:00,-0.8420494537035335,1.0420861858469757,1.19381105170489,1,5.330520003499618e-07,0.9999994669480259
2024-01-06 09:15:00,-0.3407821107196802,1.0420861858469757,2.8863124055241363,1,1.375940563774145e-10,0.9999999998626663
2024-01-06 09:20:00,0.2569579009204368,-1.122478807429186,-0.8468104200454013,1,7.874958597269382e-07,0.9999992125043181
2024-01-06 09:25:00,1.6265958028328262,-0.605780897389425,-0.6139748516511381,1,7.022290070223868e-09,0.9999999929777914
2024-01-06 09:30:00,1.1418781812043504,-0.8634665182816971,-2.9444948189990416,1,1.7212895913574296e-16,1.0
2024-01-06 09:35:00,1.0972512372746182,1.6456939262708172,-0.7773859906879322,1,2.5315553595149565e-08,0.9999999746842153
2024-01-06 09:40:00,0.2431908327194747,-0.7026125909008779,0.06532165953861778,1,1.174106105585222e-05,0.9999882589388888
2024-01-06 09:45:00,1.5683903253240272,0.5614927446831001,-0.13286882025627608,1,3.2677770493397868e-06,0.999996732222708
2024-01-06 09:50:00,0.7730660757197249,0.4476709134497234,-0.8783471549940335,1,5.645606275548432e-07,0.9999994354395086
2024-01-06 09:55:00,-0.9804538813945486,1.4876474258428913,-2.6571269564607443,1,2.3986183639871994e-15,1.0
2024-01-06 10:00:00,1.1928462314996617,-0.48882405306523485,-0.4895267134707535,1,2.2632168026149623e-07,0.9999997736786356
2024-01-06 10:05:00,1.0038818585476397,-1.1598150196250292,1.366865324463845,1,3.0222581879431846e-08,0.9999999697774915
2024-01-06 10:10:00,-0.41287825163696473,0.8090915381442627,-0.35761973549858556,1,6.888368973524195e-06,0.999993111630907
2024-01-06 10:15:00,-0.8813553973084786,0.6039022118380885,0.27448946192442714,1,5.91813498004149e-06,0.9999940818654567
2024-01-06 10:20:00,-0.0967829574564366,-1.7954195906570187,-1.7746404860420337,1,5.9410641403613095e-08,0.9999999405890794
2024-01-06 10:25:00,0.3371959994618572,-1.3220062613349375,-0.13149430676847823,1,2.318672379981366e-06,0.9999976813278004
2024-01-06 10:30:00,0.15043142996280953,-0.08162889118186491,-0.586801200520157,1,1.1612112618102135e-05,0.9999883878873609
2024-01-06 10:35:00,0.23031577541908566,0.8260607174131874,-1.1347972681903895,1,3.3327093786500696e-07,0.9999996667293645
2024-01-06 10:40:00,1.9096253337730364,-0.7015877111124833,-1.2969059273878387,1,4.601710572847106e-12,0.9999999999954525
2024-01-06 10:45:00,1.6643145066684957,-0.7015877111124833,-0.9366802947279288,1,1.1537611969397772e-09,0.9999999988458512
2024-01-06 10:50:00,0.5406318667435044,-0.6662020477363523,0.03652866875938286,1,5.852756580714596e-06,0.999994147243189
2024-01-06 10:55:00,1.0983722073170892,-1.7912844549253657,-1.5606588618619115,1,2.952092508825659e-11,0.9999999999708962
2024-01-06 11:00:00,-1.0872230055043046,-3.0744926469146856,-1.01971218404482,1,2.8778273873427492e-09,0.9999999971223588
2024-01-06 11:05:00,-0.0377267720420106,-3.0744926469146856,-0.4609538042614284,1,2.0259967058308698e-11,0.9999999999799911
2024-01-06 11:10:00,1.9595624540210723,-0.5056080043945089,-1.4723112310008994,1,2.0809280052304433e-12,0.999999999998181
2024-01-06 11:15:00,0.14203584536336597,-0.1425547763228013,1.4524367970181988,1,5.287934722377183e-06,0.9999947120653564
2024-01-06 11:20:00,-1.1537250778191082,-0.4539942583533866,-0.6245598524278742,1,1.155922268623625e-05,0.999988440777503
2024-01-06 11:25:00,-1.3093531053866005,1.3684361248610453,-1.0424688343390929,1,4.432861116068132e-09,0.9999999955671228
2024-01-06 11:30:00,-1.8776177713713196,1.0232533067049259,-1.5121735159372702,1,1.5423447802196548e-10,0.9999999998453859
2024-01-06 11:35:00,-1.6846743186031636,2.081279114872761,1.4425013608695731,1,6.064725451521071e-13,0.9999999999990905
2024-01-06 11:40:00,-1.1329783673441327,-1.1716148928758305,0.9403266645877404,1,1.79223593855509e-08,0.9999999820774975
2024-01-06 11:45:00,-2.201315720368059,-0.5359601614647138,-0.8708295871616601,1,2.7048766374869997e-07,0.9999997295126742
2024-01-06 11:50:00,-0.8276872250278305,-2.2225424949916155,0.8631801518806381,1,1.834520238261366e-10,0.9999999998162821
2024-01-06 11:55:00,0.641346550412609,-1.0824115154224698,0.37388754296276683,1,1.0723579412592415e-06,0.9999989276417475
2024-01-06 12:00:00,-1.0756008374170583,-0.7631933137596121,0.29014743773477486,1,2.6445349771615783e-06,0.9999973554648429
2024-01-06 12:05:00,1.302477837968384,0.37105553059674723,-0.4057888792752591,1,1.1231848104305776e-06,0.9999988768156013
2024-01-06 12:10:00,0.8137247029954108,0.02189898544580705,-1.0659988751542921,1,3.3357545082955946e-07,0.9999996664246839
2024-01-06 12:15:00,1.2867147255864184,0.6027786228802361,-0.052062288093877696,1,5.369062546375793e-06,0.9999946309370423
2024-01-06 12:20:00,-0.5840703076856227,0.8720038198860546,-0.732093508736407,1,1.7459908303792197e-06,0.9999982540090749
2024-01-06 12:25:00,0.6575087259718715,2.6750016631658413,1.6968990889671303,1,1.5831134805825292e-06,0.999998416886572
2024-01-06 12:30:00,-1.2903019749958735,0.284912071361454,-1.0147535684689235,1,8.402966271138879e-07,0.9999991597036462
2024-01-06 12:35:00,0.4882221055252398,-1.174555626140959,1.2992871436442932,1,3.10655104883535e-07,0.9999996893448525
2024-01-06 12:40:00,0.16539799943322334,-0.20386229175270593,0.15687990154045306,1,3.701731459790899e-05,0.9999629826855552
2024-01-06 12:45:00,0.5232143294121899,-1.1565660129778772,0.27168015389850536,1,6.027077404018467e-06,0.9999939729222845
2024-01-06 12:50:00,-1.4303183732355575,1.2679361487689311,0.9015081509579026,1,1.0770245875751315e-08,0.9999999892297637
2024-01-06 12:55:00,-1.681977514562259,-0.09914543995560311,-0.5409617518015106,1,1.3533594370473925e-06,0.9999986466409673
2024-01-06 13:00:00,0.021424632412302684,-0.8442956851188722,0.6923756575436393,1,2.856465445224597e-06,0.9999971435349705
2024-01-06 13:05:00,-1.3099650595415988,-0.9559979604342203,-2.91948666516792,1,2.1399471531345225e-09,0.999999997859959
2024-01-06 13:10:00,-0.026733005779422107,0.4221418036004644,-1.7873033567968961,1,5.402950703492498e-09,0.999999994596692
2024-01-06 13:15:00,-1.8236324147198186,-0.204008953694751,-1.6751509389624133,1,1.271926064049039e-07,0.9999998728071741
2024-01-06 13:20:00,0.27806934166921365,-0.9660381119426681,-2.0087712246945255,1,2.434822569261016e-09,0.9999999975652827
2024-01-06 13:25:00,-1.5717239656612956,1.5426930610952057,-0.9510718673907325,1,2.9219402669630743e-09,0.9999999970777935
2024-01-06 13:30:00,0.0009437599958025078,-0.6965411235253893,0.03590862860047128,1,9.009795495371993e-05,0.9999099020451364
2024-01-06 13:35:00,0.5601585856002992,-0.3102426784271751,0.6852967015991974,1,0.00010411809032822543,0.9998958819097277
2024-01-06 13:40:00,-0.8484524721168942,0.5374255820386946,0.36531334488212863,1,5.266830002544705e-05,0.9999473317002854
2024-01-06 13:45:00,0.25336095588925517,-1.917875855219211,-0.7413336475140859,1,4.004635681956381e-06,0.9999959953646035
2024-01-06 13:50:00,0.20055912497681236,-0.14900117264155943,0.08017541645348111,1,4.362612890533787e-05,0.9999563738714161
2024-01-06 13:55:00,-0.7680712652872718,-1.440094497241752,0.05380027825009675,1,9.530630288867448e-06,0.9999904693694919
2024-01-06 14:00:00,-1.6185834430867057,0.40074515234891656,0.9508561775153936,1,2.3101851745814177e-08,0.9999999768979253
2024-01-06 14:05:00,-3.011041268264703,-1.1654682761602801,1.0425852510080549,1,4.457059737472985e-14,1.0
2024-01-06 14:10:00,-0.6724210455376596,0.32886820084228147,0.23794386597171188,1,1.0910289894536723e-05,0.9999890897101434
2024-01-06 14:15:00,-2.252966140986747,1.2672807553976282,-1.0376889839277772,1,4.9291264386191284e-11,0.9999999999508873
2024-01-06 14:20:00,-0.7481448134356568,1.2588214382977052,-1.1480279997655471,1,1.1958627401906461e-08,0.9999999880410543
2024-01-06 14:25:00,-0.7243983533823365,0.532359962202504,-1.0661251952730222,1,1.8940523602747643e-06,0.9999981059472449
2024-01-06 14:30:00,0.40634495725671,-0.2582172620220322,-0.7801061441927245,1,1.1773203639711431e-05,0.9999882267968144
2024-01-06 14:35:00,-0.4240614686927487,-0.9048829908679304,-0.04401407624561596,1,2.2561260231710017e-05,0.9999774387395843
2024-01-06 14:40:00,-0.705848402449359,1.330476969782305,0.6752710374886208,1,9.880061461134388e-06,0.9999901199386523
2024-01-06 14:45:00,0.4747644816391843,-0.5743072903703774,0.03678670151111718,1,2.104068201635532e-05,0.9999789593179103
2024-01-06 14:50:00,0.35592620558409876,-1.546279485562893,-0.07979501032311291,1,9.374540892737906e-06,0.9999906254591351
2024-01-06 14:55:00,0.2977424321323746,0.18211388455024694,0.02701348380531027,1,5.3623710837484345e-05,0.9999463762895908
2024-01-06 15:00:00,0.46280463597201393,-1.0334840592695018,-0.6758385347696424,1,1.1205203565279786e-05,0.9999887947961051
2024-01-06 15:05:00,-1.877553925142695,-1.5808016144375323,-1.343193574551872,1,5.2782736774534574e-06,0.999994721725958
2024-01-06 15:10:00,0.15295639772066316,-2.3305963022300578,-2.468741834144557,1,1.9308856688953105e-11,0.9999999999809006
2024-01-06 15:15:00,0.5900723955693499,-1.4156448794735867,-1.62438787468785,1,1.0583091353730551e-08,0.9999999894171197
2024-01-06 15:20:00,-1.2208298897033485,-0.6663175162989691,-0.06865696362455276,1,1.9590990645066623e-05,0.9999804090093701
2024-01-06 15:25:00,-0.8431164812318975,-0.054940814153153175,-0.9130156445048067,1,3.28464539424573e-05,0.999967153546221
2024-01-06 15:30:00,-0.4857017608209349,0.9687878111652487,-0.6478210142658273,1,3.470901444937412e-05,0.9999652909858148
2024-01-06 15:35:00,-0.49194836617759197,0.7723344859469065,0.21682808684723,1,9.544665575432627e-05,0.9999045533446673
2024-01-06 15:40:00,0.06448419601136635,-0.1382551348128221,0.5367103175679085,1,0.0001099132356232795,0.9998900867640644
2024-01-06 15:45:00,1.5397013664241022,-0.42012149997707277,-1.1512661291251254,1,5.324332895691439e-08,0.9999999467563626
2024-01-06 15:50:00,1.5655243705762423,0.3357986917856782,0.6573431146584229,1,1.0693201157559123e-05,0.9999893067987269
2024-01-06 15:55:00,-1.2804892488473951,1.4671979624141915,1.3451750749770917,1,4.1260757068202276e-09,0.9999999958736225
2024-01-06 16:00:00,0.17148384615431128,0.4465541444145313,-0.9648205155038176,1,9.479958831109676e-07,0.9999990520041083
2024-01-06 16:05:00,1.4496950418279366,-0.5661506080536136,-1.3166733818655991,1,3.2254729254385554e-10,0.9999999996771294
2024-01-06 16:10:00,0.7100947547544192,-1.4913879034046498,0.8240286674257056,1,1.6366380689096727e-08,0.999999983633643
2024-01-06 16:15:00,1.3276256121564,-2.305671821237607,-0.025311988227108152,1,4.244191131455694e-12,0.9999999999954525
2024-01-06 16:20:00,2.6111123340644307,-0.044635067408646555,-2.5910274885185203,1,8.156157916176659e-22,1.0
2024-01-06 16:25:00,1.8177403646877845,0.5289161311760282,-2.446491838034966,1,2.609564623841165e-17,1.0
2024-01-06 16:30:00,0.6566010143818882,0.7002517784142043,-1.1207539408241403,1,5.498192994640955e-08,0.9999999450183183
2024-01-06 16:35:00,1.2568718056399806,-0.08606281465739685,-1.7416028206217236,1,4.115378259377147e-11,0.9999999999590727
2024-01-06 16:40:00,0.3638652577945946,1.500066710108691,-1.0921761544973594,1,2.655262895385631e-08,0.9999999734473025
2024-01-06 16:45:00,-0.04825711058191532,-0.2678800776575409,-0.4003443470179976,1,2.1414918215010796e-05,0.9999785850815178
2024-01-06 16:50:00,-0.6192922891014971,0.9096082300256737,1.4012231607446917,1,2.552779352907353e-06,0.9999974472207964
2024-01-06 16:55:00,1.491975072705865,0.08343253281485508,-0.012240548827681547,1,2.018722771460246e-06,0.9999979812775931
2024-01-06 17:00:00,-0.7139290590859318,-0.8402752681270739,1.0831992409475846,1,5.30327723921663e-07,0.999999469671961
2024-01-06 17:05:00,1.4265759689784527,0.3074901545536433,1.8089463560314105,1,1.0699219171075428e-05,0.9999893007806647
2024-01-06 17:10:00,0.8379274180365538,0.4348108964346564,2.0328571272333575,1,7.454743191274005e-06,0.9999925452571478
2024-01-06 17:15:00,-1.6025807200993807,0.41052062345320955,0.8184968474369211,1,4.19633824448195e-08,0.9999999580368248
2024-01-06 17:20:00,-0.22842680805769713,0.076114778821362,-2.051949001588081,1,3.553231462477474e-09,0.9999999964466042
2024-01-06 17:25:00,-2.757783471623892,-0.16560717619073617,-0.2106603949971287,1,5.900802795731205e-10,0.9999999994097379
2024-01-06 17:30:00,-0.267606107367966,2.64070515088371,0.9967596840953271,1,8.325629647112656e-09,0.9999999916744855
2024-01-06 17:35:00,0.7890515016168435,2.053883530768416,0.09984655750672752,1,5.67368816557509e-07,0.9999994326309907
2024-01-06 17:40:00,-0.6553152492262629,1.3303382077745027,1.8660234341345174,1,9.129005815580634e-08,0.9999999087103829
2024-01-06 17:45:00,-0.23522945475002288,0.3882737302756047,1.4095495318540463,1,1.7719939940034047e-05,0.9999822800597242
2024-01-06 17:50:00,2.0729819649779855,1.1680208396629836,0.9475736550604139,1,4.4961845704233875e-05,0.9999550381538955
2024-01-06 17:55:00,-0.16689320466740154,0.821540570261326,1.3865712353183752,1,2.563462853780123e-05,0.9999743653718447
2024-01-06 18:00:00,-1.498253404887981,0.13407436969061973,0.6788077716289068,1,5.757915077166956e-07,0.999999424208165
2024-01-06 18:05:00,1.130836374541661,-0.4634453908545808,-2.6841705087892587,1,4.773573324093133e-15,1.0
2024-01-06 18:10:00,2.492850439151462,-0.378524666538295,-1.4705024538270406,1,1.6330470239238985e-14,1.0
2024-01-06 18:15:00,0.5663501656421555,-0.378524666538295,0.7846550193313063,1,9.74079903669633e-06,0.9999902592009338
2024-01-06 18:20:00,1.1897132119562224,-1.0992469075556626,-0.7737200706503216,1,2.7195816145806417e-08,0.9999999728042898
2024-01-06 18:25:00,1.770115303439234,-1.0528445556462993,-0.5900520870081608,1,3.404336842330669e-10,0.999999999659849
2024-01-06 18:30:00,-0.5399571233778699,1.4304120714672608,-1.4506148625315145,1,4.714385222769975e-10,0.9999999995288817
2024-01-06 18:35:00,-0.9264083114109296,0.30859543596710437,1.4447401444186627,1,5.5513836553789265e-08,0.999999944486264
2024-01-06 18:40:00,1.0034360010517365,-1.46163896320514,2.1991566813017913,1,4.608972476207708e-12,0.9999999999954525
2024-01-06 18:45:00,2.123748424089666,-0.6411562833390866,-0.43440442161069986,1,2.893353786461674e-10,0.9999999997107807
2024-01-06 18:50:00,1.1221985080261714,-1.577078198676924,-0.07491936453028249,1,1.516187908193831e-08,0.9999999848378139
2024-01-06 18:55:00,-0.898037083593011,-0.05489324658644515,-0.889903272595396,1,7.961749782245924e-06,0.9999920382505014
2024-01-06 19:00:00,1.9133626376166921,0.18526846968005578,0.3097673226685227,1,5.809345902172331e-06,0.9999941906540275
2024-01-06 19:05:00,-0.2448476039833462,1.0486026358782905,0.5523220411348798,1,1.8599920834297318e-05,0.9999814000795543
2024-01-06 19:10:00,-0.6588670241921946,-0.7673022210814364,0.9617856326097177,1,6.9423998858489796e-06,0.9999930576000193
2024-01-06 19:15:00,0.024514675071080513,-0.3333195903564045,0.5497540541251955,1,2.3349517971770137e-05,0.9999766504822506
2024-01-06 19:20:00,1.6740871599569314,-1.8631114799402275,0.5497540541251955,1,1.1886201703220712e-10,0.9999999998808562
2024-01-06 19:25:00,1.3343012299856514,0.1299285773852605,-0.25618470369561563,1,1.0563503182068685e-06,0.9999989436497466
2024-01-06 19:30:00,0.7089220463704845,0.5111527686061684,-2.092657253489534,1,1.2901603654803965e-11,0.9999999999872671
2024-01-06 19:35:00,0.5790311581546276,0.5981514060563546,-1.1748244523356415,1,6.211680399967563e-08,0.9999999378833327
2024-01-06 19:40:00,0.03967077620627087,0.037885999233226,-2.209260696874685,1,3.8807137359609977e-10,0.9999999996116458
2024-01-06 19:45:00,0.49132327355230426,0.3600245684080809,-2.4353945654213645,1,1.2459539573475716e-12,0.9999999999990905
2024-01-06 19:50:00,-3.0538856623738573,1.8681185222824728,-1.9556992996782279,1,1.1761637088801443e-18,1.0
2024-01-06 19:55:00,-1.455648216684611,0.0786830887511549,-1.7235806804717941,1,6.849252777508966e-08,0.9999999315077753
2024-01-06 20:00:00,-0.33493609098530186,0.04463072749573879,-1.6900974313374295,1,1.0336379372247169e-07,0.9999998966359325
2024-01-06 20:05:00,-1.658462189494161,-1.41880936036206,-0.03812152298649143,1,1.3774219314539887e-06,0.9999986225784988
2024-01-06 20:10:00,-0.22293080267888352,-1.5993382908829716,-0.6845472786240315,1,2.105237365505452e-05,0.9999789476266019
2024-01-06 20:15:00,-0.4965303865661676,-0.5072238252787599,-0.5142955848818752,1,0.00011417365022676969,0.9998858263497411
2024-01-06 20:20:00,1.7577523257010872,1.0141993163608618,0.7338023534893834,1,0.00011267122364600846,0.999887328776428
2024-01-06 20:25:00,2.216539764728903,-0.1433047583224503,-0.7429690535917487,1,2.4662067247308025e-08,0.999999975338142
2024-01-06 20:30:00,-0.07621387437108709,-0.4663931958403521,-0.626615740807278,1,3.6853494493775043e-05,0.9999631465058753
2024-01-06 20:35:00,-0.3885812680208678,-0.7661787163166234,0.11096046912755096,1,3.639578526711647e-05,0.9999636042150573
2024-01-06 20:40:00,-0.39063427918323507,-1.007837266723452,-2.239994777459143,1,1.1170141303168335e-07,0.9999998882985954
2024-01-06 20:45:00,-0.8415031806867889,-0.09584004347762515,-2.239994777459143,1,6.0708219287152645e-09,0.9999999939291229
2024-01-06 20:50:00,-0.20588104621188114,-1.9487690161666709,-0.7548079747032426,1,1.9237325009388154e-07,0.9999998076264277
2024-01-06 20:55:00,-1.1515879024659164,0.7917581850353453,0.21325213118180494,1,5.645117214915201e-07,0.9999994354886214
2024-01-06 21:00:00,-1.8791413227429001,-0.6954944853239623,2.2563782591732693,1,2.2847115451409895e-14,1.0
2024-01-06 21:05:00,-0.0073473909360572895,0.504429152627338,0.7443518858306947,1,3.3806029357584283e-05,0.9999661939703413
2024-01-06 21:10:00,0.5623186423789786,-1.4990392711269018,1.0283511180651834,1,1.088164646899319e-06,0.9999989118356561
2024-01-06 21:15:00,-0.9760026416369445,0.20040461592748157,-0.018216252928562073,1,5.7333286814681605e-05,0.9999426667128997
2024-01-06 21:20:00,0.5886008338916532,0.7139213280071282,0.21707942251509535,1,9.024945476711826e-05,0.9999097505451671
2024-01-06 21:25:00,-0.7622049219975245,0.5265620664851017,1.8149884825850007,1,3.588422153899179e-07,0.9999996411580203
2024-01-06 21:30:00,-0.11278524558442342,-1.1654280739899125,-1.9321552924883014,1,7.100243554047957e-08,0.9999999289975702
2024-01-06 21:35:00,0.7581483907950302,-0.1970132153308728,-0.22735082892569114,1,6.461541051162778e-06,0.9999935384593784
2024-01-06 21:40:00,0.0014661180928441898,-1.6063124652677967,2.2037574420502493,1,1.906518522616127e-12,0.999999999998181
2024-01-06 21:45:00,0.3566051573733222,-0.9252846021883275,0.8667342462394693,1,8.622670374277727e-07,0.9999991377330013
2024-01-06 21:50:00,-0.6945408879838942,0.8003605656310419,1.991285603874249,1,2.9706282592584798e-08,0.9999999702940845
2024-01-06 21:55:00,-0.6284714518462167,1.0419360351832287,-0.21287229756879378,1,8.25219006608633e-06,0.9999917478102706
2024-01-06 22:00:00,-0.6198474024895417,0.1871153342202916,-0.2083955687137389,1,2.774255208502097e-05,0.9999722574476682
2024-01-06 22:05:00,-1.2618263401758538,-1.243980125955734,-0.13395212273642051,1,9.358609207965083e-06,0.9999906413906046
2024-01-06 22:10:00,-0.7751826588748387,0.24933273828652017,-2.6211815902250026,1,1.0585358361473855e-10,0.9999999998944986
2024-01-06 22:15:00,-2.2645018596226696,-0.04568426447468404,-2.1974558538852644,1,1.793706398745107e-09,0.9999999982064764
2024-01-06 22:20:00,-1.4507427589736055,-2.9103027301726048,-1.990849238969086,1,8.370529094115673e-08,0.9999999162946586
2024-01-06 22:25:00,-0.9607202088892001,-0.08795988043133757,0.21038422686702216,1,7.80047858436967e-06,0.9999921995217405
2024-01-06 22:30:00,-0.7795065708424054,-0.1986213216692676,0.9265916995096313,1,3.121787917112887e-06,0.9999968782125122
2024-01-06 22:35:00,-0.7076403769187909,1.223673975664233,0.5304089497967455,1,1.5276675453696002e-06,0.9999984723320112
2024-01-06 22:40:00,-0.47182878183911536,-1.0759462490320164,0.9690323459753517,1,3.2046998513484326e-07,0.9999996795295887
2024-01-06 22:45:00,0.24406114379627444,-1.0759462490320164,-0.0010924875910553712,1,2.7804711549814804e-06,0.9999972195284955
2024-01-06 22:50:00,0.9297795229081689,-1.0829926342378924,1.2307885570476087,1,2.464755951102673e-07,0.9999997535242376
2024-01-06 22:55:00,-0.6815317948642232,-0.12243007540765616,0.27022692792499436,1,1.262276694825584e-05,0.9999873772327152
2024-01-06 23:00:00,-1.824650351291814,-2.1862369295778477,0.0367683295097407,1,2.0703859008614778e-08,0.9999999792962628
2024-01-06 23:05:00,-1.9754787336926547,-1.9603676134814223,-0.39386143422338177,1,8.39920127308342e-08,0.9999999160081678
2024-01-06 23:10:00,-1.3593262232756247,2.5375493918005056,0.5360655582118834,1,7.470282139056337e-12,0.999999999992724
2024-01-06 23:15:00,-1.0132174921643726,0.25516913885299125,-0.41754332643968595,1,4.374211335147149e-06,0.9999956257884323
2024-01-06 23:20:00,-1.4077525537353097,0.8003728239789313,0.8544637134951845,1,5.219452973576124e-08,0.9999999478059194
2024-01-06 23:25:00,-2.1532772416351307,-0.6753940241446182,-1.114597184217717,1,5.195815811867589e-07,0.9999994804185448
2024-01-06 23:30:00,-1.3756142411534888,-2.8262993900231708,-1.6682671572330952,1,2.1940379432998592e-07,0.9999997805962507
2024-01-06 23:35:00,-0.38232434860527004,-1.1933862632555694,0.1570618200833472,1,1.4651570013007109e-05,0.999985348429633
2024-01-06 23:40:00,0.4086995505594944,-0.8166432963436688,-0.1603983448470422,1,3.377393912105894e-05,0.9999662260607775
2024-01-06 23:45:00,-0.7277789279337127,-0.8629397451618346,-0.6629284778532497,1,4.4826403855557666e-05,0.9999551735961322
2024-01-06 23:50:00,-0.8965597955516388,-0.538386812075121,0.6845581141998571,1,1.8538901265874934e-05,0.9999814610991492
2024-01-06 23:55:00,-1.559552781709527,0.008564937388611258,-0.5804196829584048,1,1.5222542738272787e-05,0.9999847774573881
2024-01-07 00:00:00,-0.6912534302301949,-0.31902877494108645,-0.5061189875888947,1,2.8188760433477335e-05,0.999971811239309
2024-01-07 00:05:00,-1.4046591924618992,-1.7389664703267727,1.2992281331946849,1,1.1659716623889102e-10,0.9999999998835847
2024-01-07 00:10:00,0.07589114456944049,-0.08829902720811497,1.9968099955797554,1,8.030640200909344e-08,0.99999991969344
2024-01-07 00:15:00,-2.2919923788543373,-2.482952290192706,2.2431584671843474,1,1.11166328778923e-21,1.0
2024-01-07 00:20:00,-1.3022061139036536,-2.482952290192706,0.24962432170366775,1,1.0905449479043437e-09,0.9999999989095159
2024-01-07 00:25:00,-0.21763602915733513,-0.2627740225572103,1.3380780111895332,1,1.6767799198032681e-06,0.9999983232196843
2024-01-07 00:30:00,-0.03206054267182438,0.379280566465865,-0.7652841293019692,1,4.528255558556027e-06,0.9999954717443623
2024-01-07 00:35:00,3.0147130128316033,-0.09779742480569757,-1.3494151358333,1,1.7518455725546957e-16,1.0
2024-01-07 00:40:00,1.135484019795437,-1.8285569410778262,-1.3494151358333,1,2.5195122508711213e-11,0.9999999999745341
2024-01-07 00:45:00,-1.0421525105223755,-1.5320029428640811,0.8159384737075548,1,3.017747600454865e-08,0.9999999698229662
2024-01-07 00:50:00,-0.612354698406383,-0.9148374285413884,-0.8271974107559493,1,8.831262763799301e-06,0.9999911687372117
2024-01-07 00:55:00,-2.4869983832546767,-2.311502888242531,-0.49802585793417126,1,2.8154810294861293e-08,0.9999999718447729
2024-01-07 01:00:00,-1.028089176004172,-1.713808737459752,-1.2730519343768054,1,2.0051157102046157e-06,0.999997994884516
2024-01-07 01:05:00,-1.487384973887962,0.11638446234198868,0.28425332319901475,1,5.935512997756238e-07,0.9999994064484724
2024-01-07 01:10:00,0.45906875132658026,1.5849711810489913,-0.4422905841034087,1,3.2976452084497296e-07,0.9999996702354654
2024-01-07 01:15:00,-0.7032714699558436,-0.16565973296021735,-1.696114909692547,1,6.584771913167658e-07,0.9999993415224148
2024-01-07 01:20:00,-0.5360831258687496,0.7044154575324335,-0.12527245939247453,1,7.711392128802622e-06,0.9999922886078745
2024-01-07 01:25:00,-1.1043546186863558,-2.2032396789681385,-1.7447229012281764,1,6.966086040386017e-07,0.9999993033909657
2024-01-07 01:30:00,1.5555879371766481,-0.021995676824273086,-1.5657707701697736,1,2.6258304653974093e-11,0.9999999999736247
2024-01-07 01:35:00,-0.10217275341010491,-1.103985615345614,-2.9273157181217524,1,7.543671160041936e-12,0.999999999992724
2024-01-07 01:40:00,1.9679447423602718,-0.11000227247998759,-2.5744420698046713,1,2.7394986950394088e-18,1.0
2024-01-07 01:45:00,1.3749858901367762,-0.470446051349288,-0.6821138929825912,1,3.346822127057153e-08,0.999999966531505
2024-01-07 01:50:00,0.8012349366056605,1.2820925534497374,-2.5035222672980963,1,7.252298302475602e-16,1.0
2024-01-07 01:55:00,0.494009901851096,-0.7963941490036351,-2.5110572581105544,1,8.757845289470688e-12,0.999999999990905
2024-01-07 02:00:00,0.43172021304779884,0.36227309822624354,-0.8647651324997284,1,1.1553606241849955e-06,0.9999988446395345
2024-01-07 02:05:00,-2.354284173661418,-0.3664416570886771,-0.974254073573977,1,1.0549501706302228e-07,0.9999998945049866
2024-01-07 02:10:00,-1.2246397273844751,-0.44124666101062865,1.819655635868249,1,1.2869447843139096e-10,0.9999999998708518
2024-01-07 02:15:00,0.45417162511120523,-0.49400204544711324,2.4815326678457854,1,1.0909506588107962e-09,0.9999999989086064
2024-01-07 02:20:00,-0.10794700273143049,-1.2950949950743893,-0.33191441086424356,1,2.4555714109363967e-06,0.9999975444282563
2024-01-07 02:25:00,-1.8933567011415318,-0.548737748554767,0.41272023624375714,1,6.173291768726291e-08,0.9999999382671395
2024-01-07 02:30:00,-0.8163863524271342,-0.3824355757954866,0.8503153977720371,1,1.013360610217856e-06,0.9999989866396978
2024-01-07 02:35:00,1.600559504347925,0.02802693795444544,-0.519786823439377,1,7.087063479665725e-08,0.9999999291294468
2024-01-07 02:40:00,1.7806197161290758,-0.03480473225356532,-1.9319851951569547,1,9.446499051698992e-14,1.0
2024-01-07 02:45:00,0.274363380191743,0.7929201773073581,-0.7021130393634514,1,1.614498988878208e-06,0.9999983855008695
2024-01-07 02:50:00,1.0305775349359108,1.1901634733673507,-0.5121307681340557,1,1.0018630391630714e-06,0.9999989981366086
2024-01-07 02:55:00,-0.3136333099376735,-1.0330242969496441,-0.7482401653359926,1,6.300431261033545e-06,0.9999936995689703
2024-01-07 03:00:00,-2.3111073596526137,0.5774342546302322,0.15981938740394874,1,1.4469299166280292e-09,0.9999999985529939
2024-01-07 03:05:00,-1.981256004073317,-1.3778703202804103,-0.8977808296508306,1,1.2287126265094489e-06,0.9999987712870552
2024-01-07 03:10:00,1.0827606182143201,0.14066531454655312,-1.6623977153764085,1,6.960398854123038e-10,0.9999999993042366
2024-01-07 03:15:00,-0.187696773401596,0.6340559212068843,-0.4859197843738459,1,6.07680204575417e-06,0.9999939231977816
2024-01-07 03:20:00,-0.5323462875180603,-2.2210926841260012,0.17569964999387713,1,3.509260758870889e-08,0.9999999649071475
2024-01-07 03:25:00,-0.7030376174732148,-0.699485869806649,-1.3678306928566353,1,2.621922178387169e-06,0.9999973780775502
2024-01-07 03:30:00,1.8730119682020876,-0.9092094751912109,0.5154868173868605,1,1.2844103533708631e-08,0.9999999871561159
2024-01-07 03:35:00,2.31422403145847,-1.3165387213613549,-1.9279080455152529,1,1.3558500463736344e-17,1.0
2024-01-07 03:40:00,2.31422403145847,1.0643806407095913,-1.3316651490291418,1,2.3464789935745577e-13,1.0
2024-01-07 03:45:00,0.5704779166064776,-0.5997741757079618,-0.7959366636194527,1,1.0296614516215957e-06,0.9999989703388409
2024-01-07 03:50:00,0.33763332612884,-1.2802006627983435,-1.056855526405936,1,6.149571290521414e-07,0.999999385042618
2024-01-07 03:55:00,-1.8925402437281404,-0.4377265590164943,-1.0557978174226852,1,8.588549083903936e-06,0.9999914114510393
2024-01-07 04:00:00,1.0069131276681866,0.5386723001544644,1.6603429028718484,1,4.9092559358460426e-05,0.9999509074405055
2024-01-07 04:05:00,-1.2758927668626934,-0.14994862247582655,-0.5592768203509234,1,2.8286869154460802e-05,0.9999717131312479
2024-01-07 04:10:00,-0.3102700562402112,1.1954650595328453,2.444904063247443,1,4.1135160182655596e-08,0.999999958864465
2024-01-07 04:15:00,-1.5870353032941165,0.845176006867929,1.1119767024458518,1,1.6753454648482686e-09,0.9999999983247108
2024-01-07 04:20:00,-1.3639820605818265,-2.474434091757354,0.32740977179839176,1,4.5216397716959874e-10,0.9999999995479811
2024-01-07 04:25:00,-1.5931670643200677,-1.5140374990102061,0.5203325505849936,1,1.1031923595182544e-08,0.9999999889678293
2024-01-07 04:30:00,-1.3884806688162337,-1.2643324925723367,2.86767708721736,1,3.615607447922129e-18,1.0
2024-01-07 04:35:00,-1.2451179881659828,0.045994498230101,-0.35616964427350223,1,3.6553996542132947e-06,0.9999963446001364
2024-01-07 04:40:00,-1.2130118193619328,0.045994498230101,-1.4647091284335523,1,6.263368909022603e-07,0.9999993736630274
2024-01-07 04:45:00,0.4435650800734824,1.9077587968721226,-1.3897508886805403,1,2.343272299874786e-11,0.9999999999763531
2024-01-07 04:50:00,-1.3698970071332768,1.0589239681007727,-0.4898988881454184,1,3.9919137743407084e-08,0.9999999600804593
2024-01-07 04:55:00,-0.3339822159260783,0.3508430844812582,-2.179680664751703,1,5.124013735929737e-10,0.9999999994879545
2024-01-07 05:00:00,1.1657680219872713,1.3637344243707756,-0.7378072983369695,1,2.495900076014569e-08,0.9999999750407372
2024-01-07 05:05:00,-0.44793778495150083,3.0464485897534774,1.5578311010264687,1,9.8626821276367e-11,0.9999999999017746
2024-01-07 05:10:00,-1.1760898356701104,1.8036184957095303,0.5273324745004706,1,3.4245332933643747e-09,0.9999999965757524
2024-01-07 05:15:00,-0.8135351614457521,1.523397417020817,-0.276895497021672,1,9.428732454512878e-08,0.9999999057126887
2024-01-07 05:20:00,0.9763252120773658,0.4686060150917525,-0.8810061002827797,1,2.9376213142599244e-06,0.9999970623782648
2024-01-07 05:25:00,0.33837393720464704,-0.17082276375242292,0.6285593854973328,1,8.517825958553966e-05,0.9999148217401759
2024-01-07 05:30:00,-0.7176343562335756,-0.7592713959460389,-0.8408844614110019,1,6.958889387345603e-05,0.999930411106451
2024-01-07 05:35:00,0.17560638968357656,-1.3514660126203075,1.69730504486933,1,1.0246361747999035e-08,0.9999999897536327
2024-01-07 05:40:00,-1.4472202686805062,-1.3640809992137022,2.555709890839556,1,5.468335755511577e-17,1.0
2024-01-07 05:45:00,0.19214085052205354,-2.1551758040746543,0.944133814431713,1,2.471822979829567e-10,0.9999999997526174
2024-01-07 05:50:00,0.3588138288662926,-0.8800567095880161,0.1615959610961745,1,4.10209617417441e-06,0.9999958979035463
2024-01-07 05:55:00,-0.4451905806821103,-2.406400952210383,1.0886598034188377,1,1.3952080346831824e-11,0.9999999999863576
2024-01-07 06:00:00,-1.3191071457650358,-0.6388731303381175,1.4382813029131545,1,1.9150395846745348e-09,0.9999999980846042
2024-01-07 06:05:00,-1.6386141005913202,-0.3782496318056431,-0.5758489281825957,1,3.808040377627028e-06,0.9999961919593008
2024-01-07 06:10:00,-0.039963485533973296,-0.08261264413856821,-0.8685697658332231,1,6.793451508751138e-06,0.9999932065487627
2024-01-07 06:15:00,1.2671116858030296,-0.7877874226188183,-1.8435418600055258,1,9.819252919878364e-11,0.9999999999017746
2024-01-07 06:20:00,-0.5654821572040821,-0.7877874226188183,-0.2058406475287369,1,1.347152975378776e-05,0.9999865284705918
2024-01-07 06:25:00,0.19086665505995645,2.451622060690176,0.5726030187484923,1,4.735827817295346e-07,0.999999526417126
2024-01-07 06:30:00,-2.6164993396199354,-0.884677053054304,-1.441934433741084,1,1.37785614281108e-07,0.9999998622142906
2024-01-07 06:35:00,-1.6677561194504773,-0.13257929990635808,-1.0488469037023653,1,8.403772942953035e-07,0.9999991596227011
2024-01-07 06:40:00,-0.723261167910673,-0.9046699149568893,-1.9253909546000263,1,3.924751013691485e-07,0.9999996075249189
2024-01-07 06:45:00,-1.4872805233141653,-1.618588963547161,-1.6884138200902308,1,1.7608602549341899e-06,0.9999982391397721
2024-01-07 06:50:00,-1.7484607443896067,-2.2190887714656924,-0.0010528354270554013,1,2.1109527953730538e-08,0.9999999788906282
2024-01-07 06:55:00,-1.506477928941865,-0.2963703239202818,-0.9268147958213209,1,5.0669234008651306e-06,0.9999949330768816
2024-01-07 07:00:00,-0.2895442713116088,-1.04086756035342,-0.7222147715992916,1,8.449659347187527e-06,0.9999915503406109
2024-01-07 07:05:00,-0.49607999580526435,0.6926109512581369,-2.1396120794194196,1,4.814125256874487e-10,0.9999999995188773
2024-01-07 07:10:00,-3.002826925592011,1.2434522244530506,-0.5422324584559691,1,4.1617019170385755e-14,1.0
2024-01-07 07:15:00,-3.002826925592011,1.85974167379537,-0.32083306861665606,1,8.405924059240463e-16,1.0
2024-01-07 07:20:00,-1.9937507587398857,-0.59693781974026,-1.0177067923563048,1,2.4494550681003286e-05,0.9999755054494467
2024-01-07 07:25:00,-0.2384485032726992,0.24147231822303108,-0.6248338085995292,1,0.00015812027086804415,0.999841879729006
2024-01-07 07:30:00,-0.2384485032726992,0.6793852250640849,-0.09526298562909234,1,0.00021063625835422714,0.9997893637417201
2024-01-07 07:35:00,-1.841401505748749,-0.5022900661549059,-1.0458077188159658,1,0.0001793588957375758,0.999820641104222
2024-01-07 07:40:00,-1.3656467266714514,-1.209895698166337,-2.0682990834029096,1,0.0002248173847745796,0.9997751826152984
2024-01-07 07:45:00,1.059369193240961,1.4032904999196347,1.2835725257526702,1,0.0007877738446763019,0.9992122261555241
2024-01-07 07:50:00,-0.3270664437403818,0.5474366919961559,-0.4297129615216025,1,0.0006895540349065622,0.9993104459651875
2024-01-07 07:55:00,0.17251321593480687,0.775343440080493,-0.34558991992990157,1,0.0004715981315418385,0.9995284018685062
2024-01-07 08:00:00,0.03422969871671612,-0.8862927628827082,0.9144084574745658,1,7.956989195752047e-05,0.9999204301083326
2024-01-07 08:05:00,-2.7153918159099866,-1.8560821624468133,0.9144084574745658,1,3.991394575243168e-12,0.999999999996362
2024-01-07 08:10:00,-0.0847834570969584,-1.3759726032304693,-0.26625024154911353,1,5.2092891493798525e-06,0.9999947907107695
2024-01-07 08:15:00,0.04541882470337607,-0.7034269471684566,0.3127889599200223,1,1.3197266142139493e-05,0.9999868027341569
2024-01-07 08:20:00,0.43359891168792924,-1.6172342563637279,-0.8037555223634064,1,2.8205424687358194e-07,0.9999997179457238
2024-01-07 08:25:00,0.43359891168792924,-0.6403318546816055,-0.9505816144537815,1,8.90364917580092e-07,0.9999991096350966
2024-01-07 08:30:00,-1.2829485939776475,-2.3390369244495486,-1.1968798728062735,1,3.77671560300843e-07,0.9999996223287584
2024-01-07 08:35:00,1.4851365751789793,-2.174157983107708,-1.7227605024033188,1,4.069376689063135e-14,1.0
2024-01-07 08:40:00,-0.08302240259092292,0.00032643934986653037,-0.6716671702801401,1,9.643119877538078e-06,0.999990356879718
2024-01-07 08:45:00,0.1316944457747152,0.573031213005054,-1.9540950157476857,1,7.050118444505751e-09,0.9999999929495971
2024-01-07 08:50:00,-0.20065512740481758,-0.43654342862040796,0.3604733374153212,1,2.0211698741174123e-05,0.9999797883015938
2024-01-07 08:55:00,-0.7518195678170452,-1.4820482631671195,0.06065266170004552,1,4.318701192710096e-06,0.9999956812992001
2024-01-07 09:00:00,-1.0907279048778284,-1.8071369345330703,0.3803227341545409,1,1.1993976326037037e-07,0.9999998800603934
2024-01-07 09:05:00,-0.12033656796177931,-1.128514362947075,-0.514421169781156,1,4.394315985572195e-06,0.99999560568414
2024-01-07 09:10:00,-2.030564368166432,0.2827038082095881,-0.672495403133763,1,4.2072439927892424e-07,0.9999995792760249
2024-01-07 09:15:00,0.09965119057007084,1.042719230170809,0.010022932347904492,1,1.7793687208678076e-05,0.9999822063128369
2024-01-07 09:20:00,-0.6521412592809049,-0.4198129665756127,-1.4034934654798157,1,8.845921566271102e-06,0.9999911540781057
2024-01-07 09:25:00,-1.7286564731879273,-1.638074193961951,-0.928945806027171,1,5.292902571839812e-06,0.9999947070977226
2024-01-07 09:30:00,-1.2409469811006588,-0.31709900877874553,-1.3457950680670063,1,3.0152687761780904e-06,0.9999969847312953
2024-01-07 09:35:00,0.9403952661000883,-1.215756591482015,-1.5053590676065418,1,1.0793776558180891e-09,0.9999999989204298
2024-01-07 09:40:00,-0.541940164686104,-1.1231281504411936,-2.9124799174208578,1,7.383543905520336e-10,0.9999999992614903
2024-01-07 09:45:00,0.0788036175544112,1.0920569134797962,0.5105413217794553,1,2.4691347595683015e-05,0.9999753086523662
2024-01-07 09:50:00,-1.0336086819684445,1.1655313788902928,-0.721003754290354,1,3.153027408843566e-06,0.9999968469723767
2024-01-07 09:55:00,0.4074907704415911,0.39361974658922677,0.9718330590870632,1,4.6488553863666586e-05,0.9999535114458569
2024-01-07 10:00:00,0.7534990745005478,-1.5345607037172917,1.3742413740220434,1,1.0401334858794186e-08,0.9999999895990186
2024-01-07 10:05:00,2.2437808911764416,-0.3530209323212078,-1.1301777699142652,1,1.957880496070408e-12,0.999999999998181
2024-01-07 10:10:00,0.27794215529543703,1.0114847939599163,-1.6612302507710268,1,5.259332445030688e-10,0.9999999994743121
2024-01-07 10:15:00,0.6945448823383615,-0.28573447878304903,2.247293744041433,1,2.7656005587219952e-08,0.9999999723440854
2024-01-07 10:20:00,0.1393548620498764,1.3739324979339533,2.5173277842755213,1,2.6058275194555224e-07,0.999999739417069
2024-01-07 10:25:00,1.4006452079886638,1.8025764357994791,0.611254168052364,1,1.2433148661104849e-05,0.9999875668508901
2024-01-07 10:30:00,-0.6226038753858399,2.3713563368515738,0.36149085143099874,1,1.480377079787462e-08,0.9999999851961549
2024-01-07 10:35:00,0.5153950026159069,0.9301056519097322,-0.7036326025351791,1,2.6473301728580954e-06,0.9999973526699731
2024-01-07 10:40:00,-0.26338159862925004,0.8325073342353118,0.16209353495244502,1,1.5540128356116548e-05,0.9999844598712707
2024-01-07 10:45:00,-0.34144066015489766,1.7842430918808483,-0.8596993248174623,1,1.3910098160585616e-08,0.9999999860901881
2024-01-07 10:50:00,-0.178968687451509,0.922637446949136,-2.6324016591971184,1,2.9429540250272167e-13,1.0
2024-01-07 10:55:00,0.061083163626646605,-0.4614169930433404,-2.3718088920814555,1,8.687469501019205e-06,0.9999913125307025
2024-01-07 11:00:00,-0.22300597630803157,-0.49478881144205683,-0.8109439874457619,1,0.14584891640768508,0.8541510835926015
2024-01-07 11:05:00,-0.14185638678082343,-0.17016017194943978,-0.8484393060252302,1,0.22402192659526302,0.7759780734046743
2024-01-07 11:10:00,0.5411653181312365,-0.7899705344562538,-0.3772990425737439,1,0.2788013206502949,0.7211986793498374
2024-01-07 11:15:00,0.47205067364324577,-0.4228553377244675,-0.6771525780763443,1,0.38484417671041765,0.6151558232899607
2024-01-07 11:20:00,0.404440195530297,0.2842406981117517,-0.6287418782021441,1,0.55981496317091,0.4401850368293334
2024-01-07 11:25:00,-0.23890979494799056,-1.0555201165430526,0.12311768324710422,1,0.7412849163777061,0.25871508362184914
2024-01-07 11:30:00,-0.6301370147814289,0.31936225997207923,0.08660680267068128,0,0.9271128763983497,0.07288712360171148
2024-01-07 11:35:00,0.14058793103678247,0.5447722932388759,-0.030993193782336604,0,0.9886955286081891,0.011304471391779642
2024-01-07 11:40:00,0.34259143518766144,-0.1299686817995797,0.338007125651587,0,0.9984281277620932,0.0015718722376358788
2024-01-07 11:45:00,0.6962515719075131,0.1522535808744463,0.27909147542957047,0,0.9997510307527122,0.0002489692475977038
2024-01-07 11:50:00,-0.17926666479735925,-0.01094877602310284,0.7001786999458517,0,0.999923911601347,7.608839897469814e-05
2024-01-07 11:55:00,-0.25480895463303893,0.5308994280747868,-0.015593184562173934,0,0.9999646301601158,3.536984031093598e-05
2024-01-07 12:00:00,-0.9411834243390429,0.5846153785806533,-0.2088268338300111,0,0.9999645596212948,3.5440378441735976e-05
2024-01-07 12:05:00,-0.543917070582137,-0.52161434777282,-0.6473874241879202,0,0.9999878077112252,1.2192288446447659e-05
2024-01-07 12:10:00,0.2461638161743094,0.09826263440493882,-0.3820329485845787,0,0.9999952349867112,4.765013612730969e-06
2024-01-07 12:15:00,-0.20585741485818246,-0.0835523758427129,0.32709948353778834,0,0.9999981168729841,1.88312658940257e-06
2024-01-07 12:20:00,0.1949418228851521,0.007345713845763509,0.6973407039212709,0,0.999997249154294,2.750845300834429e-06
2024-01-07 12:25:00,-0.07247307798843915,-0.34176016086278554,0.6649610606306103,0,0.9999876441087788,1.2355891599393844e-05
2024-01-07 12:30:00,0.10123176874632306,0.7373271797081695,-0.56502706391546,0,0.9999645187464145,3.548125360206333e-05
2024-01-07 12:35:00,-0.5398422913350049,0.7335293989806254,0.3570683763856846,0,0.9999573394084503,4.2660591965712615e-05
2024-01-07 12:40:00,-0.1357148246521129,-0.10380169515702936,-0.6611207964334402,0,0.9999411198505257,5.888014963788948e-05
2024-01-07 12:45:00,-1.4727686162007325,-0.6287820716790987,0.26177241497059334,0,0.9998922583619488,0.00010774163831859926
2024-01-07 12:50:00,-0.5281866983588778,-0.327363824249776,-0.017834561544402067,0,0.9999587293208676,4.1270678940369735e-05
2024-01-07 12:55:00,-0.9245649371495734,0.16086184510975263,0.3835832230709926,0,0.9999668040789651,3.3195921155792835e-05
2024-01-07 13:00:00,0.31758662817033395,0.22365035377959364,-0.3954169964896849,0,0.9999853026463417,1.4697353586008082e-05
2024-01-07 13:05:00,0.4944484067649003,0.7317691384440447,0.49532386601114586,0,0.9999912402901685,8.75970963722958e-06
2024-01-07 13:10:00,0.4079170535546847,0.6728950059443923,-0.404951006922116,0,0.999957384201883,4.261579782693349e-05
2024-01-07 13:15:00,0.8932633991210006,0.7490324278773537,-0.3118265039967026,0,0.9999152208443739,8.477915556459549e-05
2024-01-07 13:20:00,-0.13026929697711712,0.47537100310188457,-0.42286298336569167,0,0.9998912660005586,0.00010873399960145466
2024-01-07 13:25:00,0.8568912442478693,-0.41269651397792045,-0.7853565718792559,0,0.9998188139841375,0.0001811860154704395
2024-01-07 13:30:00,0.772923888379455,-0.10408507956443962,-0.06165589100139917,0,0.9999384672197416,6.153277984162485e-05
2024-01-07 13:35:00,0.19902586067671074,0.5930451698026844,0.9266997083753666,0,0.999989315417916,1.0684581770666431e-05
2024-01-07 13:40:00,0.68971527291702,0.28313705144075435,1.6150845581878692,0,0.9999926805662224,7.319433649170026e-06
2024-01-07 13:45:00,-0.22349484379176113,0.4619262319891879,0.6837090426064499,0,0.9999965113526659,3.488647153566743e-06
2024-01-07 13:50:00,-0.35452346843535343,0.13404565052301443,0.866946771543635,0,0.9999954702609831,4.52973895142082e-06
2024-01-07 13:55:00,-0.2822986905535674,-0.2932607786597898,0.5354804924570328,0,0.9999969941236188,3.0058767391924614e-06
2024-01-07 14:00:00,-0.21409460022817248,0.017302842183633548,0.5630280484746096,0,0.9999983352832019,1.6647169310244151e-06
2024-01-07 14:05:00,-0.4366189560019896,0.32422576507879275,0.2042768141883045,0,0.9999985547593936,1.4452401620565997e-06
2024-01-07 14:10:00,0.5921816065688807,-0.03303490320962308,0.3442330546123754,0,0.9999990057690806,9.942309803279475e-07
2024-01-07 14:15:00,0.2027779023409094,0.06764842466961674,0.5469250648680273,0,0.9999988389597466,1.1610404735596295e-06
2024-01-07 14:20:00,0.38604207439026794,-0.2276186978088679,0.11812991138484813,0,0.9999949414250913,5.058575189197934e-06
2024-01-07 14:25:00,0.009559415793490516,0.6694224209972527,0.22090373102716104,0,0.9999755270375938,2.447296266386751e-05
2024-01-07 14:30:00,-0.6909565870218329,0.27611333823563555,0.26825724298320874,0,0.9998353003650637,0.000164699635303915
2024-01-07 14:35:00,0.10433671032341824,0.9959021020096185,0.685051354682346,0,0.9995079235933307,0.0004920764070595309
2024-01-07 14:40:00,-0.6890730410581352,1.2564416638249274,-0.025771305523984912,0,0.9973294241604114,0.0026705758391645106
2024-01-07 14:45:00,-0.03944174855088486,0.5791141953091543,0.2213868220675934,0,0.9970483142718607,0.0029516857285003715
2024-01-07 14:50:00,-0.4556924090760069,-0.05570323335896163,1.1791461434593986,0,0.9946689945672162,0.005331005432466596
2024-01-07 14:55:00,1.028026624025181,-0.7489812786325029,1.1409678921014197,0,0.9939003325784778,0.006099667421751422
2024-01-07 15:00:00,0.9686995669296701,-0.6570835702383802,1.220083451087194,0,0.9942310756331275,0.005768924367073525
2024-01-07 15:05:00,0.5753456348355034,-0.5743702467481054,0.6611026620235465,0,0.9973327579004825,0.0026672420991668906
2024-01-07 15:10:00,1.018052336672668,0.7652532850694377,0.6336741977701431,0,0.9997865822209613,0.00021341777943697908
2024-01-07 15:15:00,0.15333588722735642,0.5764115592898604,0.9372460346444483,0,0.999970326610378,2.9673389722335507e-05
2024-01-07 15:20:00,0.565181332298829,0.6582341167566131,1.28517163042058,0,0.9999932567297932,6.743270251554525e-06
2024-01-07 15:25:00,0.5334421161807843,-0.5474292112427195,-0.16845002820194063,0,0.9999910520337081,8.947966485711992e-06
2024-01-07 15:30:00,0.5631128266914325,-0.4153240764123895,-0.31283703342591057,0,0.999992617911593,7.382088368745303e-06
2024-01-07 15:35:00,1.061385126686239,0.6224290402599537,0.8223646580412403,0,0.9999990925702629,9.074299873382571e-07
2024-01-07 15:40:00,0.9620251670949447,0.6573795994951334,0.4635623029668755,0,0.999999322235683,6.777644949076274e-07
2024-01-07 15:45:00,0.7291947277518616,0.4704296340641489,0.18787726016119224,0,0.999998334737506,1.6652624016271252e-06
2024-01-07 15:50:00,-0.25883423886123386,0.7608262958457148,-0.14653171009603422,0,0.9999918848072458,8.115192744138823e-06
2024-01-07 15:55:00,-0.21535173294241158,1.3647684624338432,0.07293053615555138,0,0.9999825947502781,1.7405249875607246e-05
2024-01-07 16:00:00,0.2055294913548701,0.6732108643258511,-0.23106485457207313,0,0.9999935767970616,6.423202908326458e-06
2024-01-07 16:05:00,0.44340202272586443,0.612112542931053,1.2435735638319037,0,0.9999983585680468,1.641432229752223e-06
2024-01-07 16:10:00,-0.06008780856277916,0.6608041296402724,0.7515128546609103,0,0.9999983174189369,1.6825810922885867e-06
2024-01-07 16:15:00,1.4862862659063003,1.727860222166605,0.5960781064908656,0,0.9999956912235635,4.308776566466053e-06
2024-01-07 16:20:00,1.5318843208019606,-0.07518492983260144,0.8455464803580731,0,0.9999921610722431,7.838927886433116e-06
2024-01-07 16:25:00,1.1181932424762555,0.713079818596187,1.0953022416392555,0,0.999999189491392,8.105087029005882e-07
2024-01-07 16:30:00,0.7499075552228176,0.5793440135454707,1.1709106078596077,0,0.9999995326562567,4.6734342760622285e-07
2024-01-07 16:35:00,0.512463223863191,0.8712417947132618,1.258572794393231,0,0.9999994683031722,5.316966104593885e-07
2024-01-07 16:40:00,0.0970963865851472,0.38635521959290375,0.5328298668051713,0,0.9999994392075431,5.607921522651872e-07
2024-01-07 16:45:00,0.4719019362535186,0.5381821828001064,0.47161017643591047,0,0.9999990678593146,9.321405834961186e-07
2024-01-07 16:50:00,0.6788771239075996,0.9531489002700322,0.9370193656002279,0,0.9999923792074041,7.62079241317046e-06
2024-01-07 16:55:00,0.034545358447597006,2.2259526950640636,0.5065581084969615,0,0.9998768784484006,0.00012312155136757087
2024-01-07 17:00:00,0.6012625625549168,1.522411940587165,0.6183378445322949,0,0.9999764340494165,2.356595032080285e-05
2024-01-07 17:05:00,0.5464802476524561,0.5338821142794368,0.8399871927425793,0,0.999996810030638,3.1899693350043213e-06
2024-01-07 17:10:00,-0.2970315108871349,0.44723949432465765,1.0868164737351345,0,0.9999949434541636,5.056545754620355e-06
2024-01-07 17:15:00,-0.04207541071753394,0.4157085629920697,0.02604375180699308,0,0.9999983237808416,1.6762193296196686e-06
2024-01-07 17:20:00,0.2560214547652885,-0.22225093763758128,0.8272632634302888,0,0.9999977509967545,2.2490031482038914e-06
2024-01-07 17:25:00,1.4513327544022345,0.29046462429552966,0.6527045688560461,0,0.9999978382498458,2.1617500241226023e-06
2024-01-07 17:30:00,1.183788368574998,0.9572884060933047,1.02805205348564,0,0.9999995315439452,4.6845584306322297e-07
2024-01-07 17:35:00,0.20993796240786786,0.21329881884190122,1.1796565700738804,0,0.999998227237236,1.772762535724727e-06
2024-01-07 17:40:00,0.7948978367862132,1.1010235822288028,1.603712982792803,0,0.9999984011459723,1.598854011209757e-06
2024-01-07 17:45:00,0.009421153035862715,1.1097591945018526,1.6254798342595806,0,0.9999913658138976,8.634186106651365e-06
2024-01-07 17:50:00,1.0363925324356562,0.5409378024246464,1.6369612555810646,0,0.9999970549713618,2.945028680491131e-06
2024-01-07 17:55:00,0.6121669763637327,0.6601311094656996,1.691724439718803,0,0.999997716705244,2.283294448475587e-06
2024-01-07 18:00:00,0.673469892361818,1.5301775223421459,1.202340032518546,0,0.9999992561254696,7.438746502505238e-07
2024-01-07 18:05:00,1.3772529379053184,1.389296549375515,0.9479643129545583,0,0.9999995703311483,4.2966864606418225e-07
2024-01-07 18:10:00,0.351047896724235,1.011587538243469,1.2545292026844639,0,0.9999989901849045,1.0098153405586456e-06
2024-01-07 18:15:00,-0.0006664241753300739,0.7898351176983728,1.2917613513204513,0,0.9999974675515894,2.5324483147488998e-06
2024-01-07 18:20:00,0.2902985752967285,0.8810121125880036,0.8466793990171205,0,0.9999989724861557,1.0275138302905993e-06
2024-01-07 18:25:00,1.159558240420381,0.637653382684343,1.0395150504350879,0,0.9999967584260746,3.2415740873363485e-06
2024-01-07 18:30:00,0.20933356454486918,-0.18286637820864693,0.9092154222330768,0,0.9999620222196784,3.797778002037729e-05
2024-01-07 18:35:00,-0.6931338531814202,1.547690324381596,0.513007480796699,0,0.9998623861838407,0.00013761381613723359
2024-01-07 18:40:00,0.1800125355897854,1.1798727637320399,1.358400415986822,0,0.9999631046388305,3.6895360723793526e-05
2024-01-07 18:45:00,0.9287366046845145,1.193309726309866,1.0692066037218433,0,0.9999977205387554,2.279461455164835e-06
2024-01-07 18:50:00,1.4711585534604723,0.9894283527350397,1.879420801949431,0,0.9999992594096525,7.405906333020252e-07
2024-01-07 18:55:00,0.8493049889406146,0.6153893883230461,0.4920936039562079,0,0.9999995242461631,4.757536366148427e-07
2024-01-07 19:00:00,0.6959930966023701,0.77236646074413,0.5604799081210592,0,0.9999993804624054,6.195379348819893e-07
2024-01-07 19:05:00,1.4049573516630904,0.15714751149927497,0.8518510541827158,0,0.9999959691385196,4.030861221938647e-06
2024-01-07 19:10:00,0.18448451925724862,1.8209377958768387,1.4399129270742979,0,0.9999912393743154,8.760625762508087e-06
2024-01-07 19:15:00,0.5331967356544722,0.6619685363511335,1.2952996534720336,0,0.9999984018408251,1.5981594242675637e-06
2024-01-07 19:20:00,0.9224396528996258,0.41894430371731745,1.2202502081457667,0,0.9999992496926183,7.503072835981843e-07
2024-01-07 19:25:00,1.171187422962049,0.6354037590307362,0.5646353381859146,0,0.9999992158821788,7.841178138976941e-07
2024-01-07 19:30:00,0.7971036451475249,1.5291641538426204,0.36273714490593445,0,0.9999981455447511,1.8544551783414886e-06
2024-01-07 19:35:00,0.9529635038867725,1.2013799373294818,0.9699073732232721,0,0.9999995925882933,4.074116926489439e-07
2024-01-07 19:40:00,-0.19461307021716115,0.5180113326917035,0.40797963963182204,0,0.999999009234252,9.907657262973171e-07
2024-01-07 19:45:00,0.34231106290420227,1.5035428046254848,0.6185314959724061,0,0.9999983497987133,1.6502012723445523e-06
2024-01-07 19:50:00,1.0420740471847656,1.5593566799619645,1.150264656602457,0,0.9999995137642418,4.862360401681364e-07
2024-01-07 19:55:00,0.5759571010002298,1.4932432646113005,0.6563928038497325,0,0.9999986878364748,1.312163282808268e-06
2024-01-07 20:00:00,0.9412019140617294,1.5660935570394932,1.6701583868033103,0,0.9999972381003259,2.7618994667753944e-06
2024-01-07 20:05:00,1.244304797816488,2.3931795967607035,1.812224366506378,0,0.9999758214202251,2.417857940522738e-05
2024-01-07 20:10:00,0.9673982685988165,2.55052119658965,0.6163498110188771,0,0.9998657265283651,0.0001342734719305889
2024-01-07 20:15:00,1.137517906388896,1.2432677376250152,0.5505743839180118,0,0.9998979717849702,0.0001020282147972983
2024-01-07 20:20:00,0.6567972304844959,1.9562636983499926,-0.06465332462846089,0,0.9998295166899211,0.00017048330988584794
2024-01-07 20:25:00,0.8816919205125751,1.5898410790490394,0.42910419019561663,0,0.999955025082316,4.4974917446540735e-05
2024-01-07 20:30:00,1.3472172307027872,1.5434709598712233,1.2759778649901883,0,0.9999974612515355,2.538748041047798e-06
2024-01-07 20:35:00,1.2793345978957065,0.4980498499762028,1.011744282015257,0,0.9999992310498101,7.689505050302053e-07
2024-01-07 20:40:00,0.9130268559715132,0.9152627442224245,1.3305400452729592,0,0.9999996428514988,3.571486563072776e-07
2024-01-07 20:45:00,1.1982924682997038,0.7440548588868501,0.5498743874881261,0,0.9999994172578105,5.827419741824306e-07
2024-01-07 20:50:00,1.5262782414962044,1.480009140658736,1.3583750184456846,0,0.9999996130173552,3.869823126708431e-07
2024-01-07 20:55:00,0.31505222480054,1.824672302648909,1.0055735000454586,0,0.9999966239604563,3.3760395184095793e-06
2024-01-07 21:00:00,1.4903881931907053,0.44368747186124835,1.1607161372571533,0,0.9999986177518171,1.3822483196550704e-06
2024-01-07 21:05:00,1.138559832307469,1.012043793925933,1.1684374817598866,0,0.9999995993039995,4.006959398907607e-07
2024-01-07 21:10:00,1.4048035689363048,1.7339924063106773,0.6531758683817319,0,0.9999979311090584,2.0688913054002844e-06
2024-01-07 21:15:00,1.8612430245838274,1.3380657402430645,0.5594435311242151,0,0.9999963400081144,3.6599920475704116e-06
2024-01-07 21:20:00,0.7818339369069228,1.6624452209365759,1.4850933282270147,0,0.9999990016290649,9.98371046377936e-07
2024-01-07 21:25:00,0.7823539948921091,1.5889406806534756,1.5171662613135344,0,0.999999357383992,6.426157440556404e-07
2024-01-07 21:30:00,0.9917764853975772,1.5709141963795241,1.825129785368414,0,0.9999994318397307,5.68160010989928e-07
2024-01-07 21:35:00,0.827054801313335,1.2831177722110312,1.6020703767486493,0,0.9999994344008664,5.655993882059641e-07
2024-01-07 21:40:00,1.987180077727146,0.7566816567983722,1.4621629397646916,0,0.9999987488753145,1.2511248297723659e-06
2024-01-07 21:45:00,1.108010902291594,0.6523990538780786,0.5947796868061792,0,0.9999994297897308,5.702106807702625e-07
2024-01-07 21:50:00,0.99646681552785,1.4986070908452342,0.991690470122809,0,0.9999996161369208,3.8386298202168485e-07
2024-01-07 21:55:00,1.3339333304683965,1.4335744130595505,1.2271354140630708,0,0.9999996204506526,3.7954944693823344e-07
2024-01-07 22:00:00,0.7730812410998976,1.3476262722098236,2.188936434028854,0,0.9999968778396205,3.122160035225415e-06
2024-01-07 22:05:00,0.9979432965255468,1.1949346152449312,1.9208908920520822,0,0.9999988197885302,1.1802114469922857e-06
2024-01-07 22:10:00,1.4140155265902028,1.2140001512153833,2.227132944145069,0,0.9999989729045228,1.0270955237051893e-06
2024-01-07 22:15:00,1.2373295182156818,1.86997751981719,1.9085162683738033,0,0.9999995315384882,4.684611263647965e-07
2024-01-07 22:20:00,1.3070858040573845,1.419320813632412,1.2373087880666442,0,0.9999996650431618,3.3495640042267473e-07
2024-01-07 22:25:00,1.1287205026394895,0.8152866500601825,1.4133818548843853,0,0.9999978124247999,2.187575109272722e-06
2024-01-07 22:30:00,0.6140516646450161,1.63204149005298,1.5273331904379848,0,0.9999722930206576,2.7706979667362053e-05
2024-01-07 22:35:00,1.343701695371009,1.4354222824198424,1.045409804041584,0,0.9998375203758054,0.00016247962403630328
